id,ident,type,name,latitude_deg,longitude_deg,elevation_ft,continent,iso_country,iso_region,municipality,scheduled_service,gps_code,iata_code,local_code,home_link,wikipedia_link,keywords
41841,AD-ALV,heliport,Andorra la Vella (Our Lady of Meritxell Hospital) Heliport,42.511174,1.533551,3450.0,EU,AD,AD-08,Escaldes-Engordany,no,,ALV,,,http://pl.wikipedia.org/wiki/Heliport_Andorra_la_Vella,
300646,AEI,heliport,Algeciras Heliport,36.12888,-5.441118,98.0,EU,ES,ES-CA,Algeciras,yes,LEAG,AEI,,http://www.aena-aeropuertos.es/csee/Satellite/Helipuerto-Algeciras/en/Algeciras.html,https://en.wikipedia.org/wiki/Algeciras_Heliport,
31597,BG-HKV,small_airport,Malevo Airport,41.871799469,25.6047992706,600.0,EU,BG,BG-26,Haskovo,no,,HKV,,,,LB26
111,BG-JAM,medium_airport,Bezmer Air Base,42.4548988342,26.3521995544,509.0,EU,BG,BG-28,Yambol,no,LBIA,JAM,,,https://en.wikipedia.org/wiki/Bezmer_Airbase,LB44
117,BIAR,medium_airport,Akureyri Airport,65.66000366210938,-18.07270050048828,6.0,EU,IS,IS-6,Akureyri,yes,BIAR,AEY,,,https://en.wikipedia.org/wiki/Akureyri_Airport,
118,BIBD,small_airport,Bildudalur Airport,65.64129638671875,-23.546199798583984,18.0,EU,IS,IS-4,Bildudalur,no,BIBD,BIU,,,,
30700,BIBF,small_airport,Borgarfjörður eystri Airport,65.51640319824219,-13.80500030517578,80.0,EU,IS,IS-7,Borgarfjörður eystri,no,BIBF,BGJ,,,,
30759,BIBK,small_airport,Bakkafjörður Airport,66.02189636230469,-14.824399948120115,14.0,EU,IS,IS-6,Bakkafjörður,no,BIBK,BJD,,,,
30771,BIBL,small_airport,Hjaltabakki Airport,65.6449966430664,-20.287500381469727,131.0,EU,IS,IS-5,Blönduós,no,BIBL,BLO,,,,
30789,BIBR,small_airport,Búðardalur Airport,65.07530212402344,-21.80030059814453,131.0,EU,IS,IS-3,Búðardalur,no,BIBR,BQD,,,,
30807,BIBV,small_airport,Breiðdalsvík Airport,64.790037,-14.043927,8.0,EU,IS,IS-7,Breiðdalsvík,no,BIBV,BXV,,,,
30922,BIDV,small_airport,Djúpivogur Airport,64.642372,-14.277297,9.0,EU,IS,IS-7,Djúpivogur,no,BIDV,DJU,,,,
119,BIEG,medium_airport,Egilsstaðir Airport,65.2833023071289,-14.401399612426758,76.0,EU,IS,IS-7,Egilsstaðir,yes,BIEG,EGS,,,https://en.wikipedia.org/wiki/Egilssta%C3%B0ir_Airport,
31058,BIFF,small_airport,Fáskrúðsfjörður Airport,64.931456,-14.047957,15.0,EU,IS,IS-7,Fáskrúðsfjörður,no,BIFF,FAS,,,https://en.wikipedia.org/wiki/F%C3%A1skr%C3%BA%C3%B0sfj%C3%B6r%C3%B0ur_Airport,Faskrudsfjordur
31041,BIFM,small_airport,Fagurhólsmýri Airport,63.874698638916016,-16.64109992980957,56.0,EU,IS,IS-7,Fagurhólsmýri,no,BIFM,FAG,,,,
31559,BIGF,small_airport,Grundarfjörður Airport,64.99140167236328,-23.22470092773437,17.0,EU,IS,IS-3,Grundarfjörður,no,BIGF,GUU,,,,
31531,BIGJ,small_airport,Gjögur Airport,65.99530029296875,-21.32690048217773,83.0,EU,IS,IS-4,Gjögur,no,BIGJ,GJR,,,,
31549,BIGR,small_airport,Grímsey Airport,66.5458,-18.0173,66.0,EU,IS,IS-6,Grímsey,yes,BIGR,GRY,,,,
31656,BIHK,small_airport,Hólmavík Airport,65.70469665527344,-21.696399688720703,90.0,EU,IS,IS-4,Hólmavík,no,BIHK,HVK,,,,
120,BIHN,medium_airport,Hornafjörður Airport,64.295601,-15.2272,24.0,EU,IS,IS-8,Höfn,yes,BIHN,HFN,,,https://en.wikipedia.org/wiki/Hornafj%C3%B6r%C3%B0ur_Airport,
30726,BIHT,small_airport,Holt Airport,66.0141804294,-23.4416913986,10.0,EU,IS,IS-4,Flateyri,no,BIHT,FLI,,,,
121,BIHU,medium_airport,Húsavík Airport,65.952301,-17.426001,48.0,EU,IS,IS-6,Húsavík,yes,BIHU,HZK,,,https://en.wikipedia.org/wiki/H%C3%BAsav%C3%ADk_Airport,
31657,BIHV,small_airport,Krókstaðarmelar Airport,65.26640319824219,-20.846900939941406,164.0,EU,IS,IS-5,Hvammstangi,no,BIHV,HVM,,,,
31603,BIID,small_airport,Ingjaldssanður Airport,66.05000305175781,-23.69610023498535,70.0,EU,IS,IS-4,Onundarfjörður,no,BIID,HLO,,,,
122,BIIS,medium_airport,Ísafjörður Airport,66.05809783935547,-23.135299682617188,8.0,EU,IS,IS-4,Ísafjörður,yes,BIIS,IFJ,,,https://en.wikipedia.org/wiki/%C3%8Dsafj%C3%B6r%C3%B0ur_Airport,
123,BIKF,large_airport,Keflavik International Airport,63.985001,-22.6056,171.0,EU,IS,IS-2,Reykjavík,yes,BIKF,KEF,,https://www.isavia.is/en/keflavik-airport,https://en.wikipedia.org/wiki/Keflav%C3%ADk_International_Airport,"Keflavik Naval Air Station,REK"
32121,BIKP,small_airport,Kópasker Airport,66.31079864501953,-16.466699600219727,20.0,EU,IS,IS-6,Kópasker,no,BIKP,OPA,,,,
32246,BIKR,small_airport,Sauðárkrókur Airport,65.73169708249999,-19.5727996826,8.0,EU,IS,IS-5,Sauðárkrókur,no,BIKR,SAK,,,https://en.wikipedia.org/wiki/Sau%C3%B0%C3%A1rkr%C3%B3kur_Airport,
32044,BINF,small_airport,Norðfjörður Airport,65.13189697265625,-13.746399879455566,13.0,EU,IS,IS-7,Norðfjörður,no,BINF,NOR,,,,
32096,BIOF,small_airport,Ólafsfjörður Airport,66.08329772949219,-18.66670036315918,32.0,EU,IS,IS-6,Ólafsfjörður,no,BIOF,OFJ,,,,
124,BIPA,small_airport,Patreksfjörður Airport,65.555801,-23.965,11.0,EU,IS,IS-4,Patreksfjörður,no,BIPA,PFJ,,,https://en.wikipedia.org/wiki/Patreksfj%C3%B6r%C3%B0ur_Airport,
32207,BIRE,small_airport,Reykhólar Airport,65.45262908935547,-22.20611572265625,60.0,EU,IS,IS-4,Reykhólar,no,BIRE,RHA,,,,
30741,BIRF,small_airport,Rif Airport,64.9113998413,-23.8230991364,18.0,EU,IS,IS-3,Rif,no,BIRF,OLI,,,,
32205,BIRG,small_airport,Raufarhöfn Airport,66.40640258789062,-15.918299674987791,39.0,EU,IS,IS-6,Raufarhöfn,no,BIRG,RFN,,,,
125,BIRK,medium_airport,Reykjavik Airport,64.1299972534,-21.9405994415,48.0,EU,IS,IS-1,Reykjavik,yes,BIRK,RKV,,,https://en.wikipedia.org/wiki/Reykjav%C3%ADk_Airport,REK
31973,BIRL,small_airport,Reykjahlíð Airport,65.65579986572266,-16.918100357055664,1030.0,EU,IS,IS-6,Myvatn,no,BIRL,MVA,,,,
126,BISI,medium_airport,Siglufjörður Airport,66.137847,-18.908157,10.0,EU,IS,IS-6,Siglufjörður,no,BISI,SIJ,,,https://en.wikipedia.org/wiki/Siglufj%C3%B6r%C3%B0ur_Airport,
32415,BIST,small_airport,Stykkishólmur Airport,65.05809783935547,-22.7942008972168,42.0,EU,IS,IS-3,Stykkishólmur,no,BIST,SYK,,,,
32436,BITE,small_airport,Þingeyri Airport,65.87030029296875,-23.559999465942383,65.0,EU,IS,IS-4,Þingeyri,no,BITE,TEY,,,,
127,BITN,small_airport,Þórshöfn Airport,66.218498,-15.3356,65.0,EU,IS,IS-6,Þórshöfn,yes,BITN,THO,,,https://en.wikipedia.org/wiki/Thorshofn_Airport,Thorshofn
128,BIVM,medium_airport,Vestmannaeyjar Airport,63.42430114746094,-20.27890014648437,326.0,EU,IS,IS-8,Vestmannaeyjar,no,BIVM,VEY,,,https://en.wikipedia.org/wiki/Vestmannaeyjar_Airport,
32593,BIVO,small_airport,Vopnafjörður Airport,65.72059631347656,-14.850600242614746,16.0,EU,IS,IS-7,Vopnafjörður,yes,BIVO,VPN,,,,
4614,BKPR,large_airport,Priština Adem Jashari International Airport,42.5728,21.035801,1789.0,EU,XK,XK-01,Prishtina,yes,BKPR,PRN,,http://www.airportpristina.com/,https://en.wikipedia.org/wiki/Pristina_International_Airport,"LYPR, Pristina, Slatina Air Base"
329130,DE-0419,closed,Heidelberg Army Helicopter Base,49.392397,8.651935,,EU,DE,DE-BW,Heidelberg,no,ETIE,HDB,,,,
331187,DE-0428,closed,Böblingen Flugfeld,48.689544,8.996193,,EU,DE,DE-BW,Böblingen,no,,PHM,,,https://de.wikipedia.org/wiki/Flugfeld_(Stadtteil),
331188,DE-0429,closed,Böblingen Flugfeld,48.689544,8.996193,,EU,DE,DE-BW,Böblingen,no,,PHM,,,https://de.wikipedia.org/wiki/Flugfeld_(Stadtteil),
330380,DHG,small_airport,Dalnegorsk Airport,44.558748,135.490005,833.0,EU,RU,RU-PRI,Dalnegorsk,no,,DHG,,,,
330383,DLR,small_airport,Dalnerechensk Airport,45.8783,133.7363,272.0,EU,RU,RU-PRI,Dalnerechensk,yes,UHHD,DLR,,,,
315624,DPT,small_airport,Deputatskiy Airport,69.392503,139.890012,950.0,EU,RU,RU-SA,Deputatskiy,yes,UEBD,DPT,,,https://en.wikipedia.org/wiki/Deputatsky_Airport,"УЕБД, Deputatsky Airport, Аэропорт Депутатский, Deputy Airport"
2152,EBAW,medium_airport,Antwerp International Airport (Deurne),51.1894,4.46028,39.0,EU,BE,BE-VAN,Antwerp,yes,EBAW,ANR,,http://www.antwerp-airport.be/,https://en.wikipedia.org/wiki/Antwerp_International_Airport,
2155,EBBR,large_airport,Brussels Airport,50.9014015198,4.48443984985,184.0,EU,BE,BE-BRU,Brussels,yes,EBBR,BRU,,http://www.brusselsairport.be/en/,https://en.wikipedia.org/wiki/Brussels_Airport,
2157,EBCI,medium_airport,Brussels South Charleroi Airport,50.459202,4.45382,614.0,EU,BE,BE-WHT,Brussels,yes,EBCI,CRL,,http://www.charleroi-airport.com/doc.php?nd=o29&tid=29&lg=2&docid=1&site=1,https://en.wikipedia.org/wiki/Brussels_South_Charleroi_Airport,Gosselies Airport
2161,EBKT,medium_airport,Wevelgem Airport,50.8172,3.20472,55.0,EU,BE,BE-VWV,Wevelgem,no,EBKT,KJK,,http://www.kortrijkairport.be,https://en.wikipedia.org/wiki/Kortrijk-Wevelgem_International_Airport,
2162,EBLG,large_airport,Liège Airport,50.63740158081055,5.443220138549805,659.0,EU,BE,BE-WLG,Liège,yes,EBLG,LGG,,http://www.liegeairport.be/,https://en.wikipedia.org/wiki/Li%C3%A8ge_Airport,
2163,EBOS,medium_airport,Ostend-Bruges International Airport,51.1988983154,2.8622200489,13.0,EU,BE,BE-VWV,Ostend,yes,EBOS,OST,,http://www.ost.aero/,https://en.wikipedia.org/wiki/Ostend-Bruges_International_Airport,
2184,EDAC,medium_airport,Altenburg-Nobitz Airport,50.981945,12.506389,640.0,EU,DE,DE-TH,Altenburg,no,EDAC,AOC,,http://www.leipzig-altenburg-airport.de/,https://en.wikipedia.org/wiki/Altenburg-Nobitz_Airport,Altenburg Nobitz
2187,EDAH,medium_airport,Heringsdorf Airport,53.8787002563,14.152299881,93.0,EU,DE,DE-MV,Heringsdorf,yes,EDAH,HDF,,,https://en.wikipedia.org/wiki/Heringsdorf_Airport,
2191,EDAU,small_airport,Riesa-Göhlis Airport,51.2936096191,13.3561105728,322.0,EU,DE,DE-SN,Riesa,no,EDAU,IES,,,,
2193,EDAX,small_airport,Rechlin-Lärz Airport,53.306388855,12.7522220612,220.0,EU,DE,DE-MV,Lärz,no,EDAX,REB,,,https://en.wikipedia.org/wiki/Rechlin-L%C3%A4rz_Airfield,
28546,EDBC,small_airport,Cochstedt Airport,51.8563995361,11.42029953,594.0,EU,DE,DE-ST,Magdeburg,no,EDBC,CSO,,,https://en.wikipedia.org/wiki/Magdeburg-Cochstedt_Airport,
2196,EDBH,small_airport,Barth Airport,54.338253,12.710515,23.0,EU,DE,DE-MV,,no,EDBH,BBH,,,https://en.wikipedia.org/wiki/Stralsund%E2%80%93Barth_Airport,
2199,EDBM,medium_airport,"Magdeburg ""City"" Airport",52.073612,11.626389,259.0,EU,DE,DE-ST,Magdeburg,no,EDBM,ZMG,,http://www.edbm.de,https://en.wikipedia.org/wiki/Magdeburg%E2%80%93Cochstedt_Airport,
2743,EDBN,medium_airport,Neubrandenburg Airport,53.6022,13.306,228.0,EU,DE,DE-MV,Neubrandenburg,no,EDBN,FNB,,http://www.flughafen-neubrandenburg.de/,https://en.wikipedia.org/wiki/Neubrandenburg_Airport,
2204,EDCD,closed,Cottbus-Drewitz Airport,51.889442,14.531944,272.0,EU,DE,DE-BR,Cottbus,no,EDCD,CBU,,,https://en.wikipedia.org/wiki/Cottbus-Drewitz_Airport,
28584,EDCG,small_airport,Flugplatz Güttin / Rügen,54.383331,13.325556,69.0,EU,DE,DE-MV,Rügen,no,EDCG,GTI,,,https://en.wikipedia.org/wiki/R%C3%BCgen_Airport,
28622,EDCK,small_airport,Köthen Airport,51.7211112976,11.9527778625,305.0,EU,DE,DE-ST,Köthen,no,EDCK,KOQ,,http://flugplatz-koethen.jimdo.com/,http://de.wikipedia.org/wiki/Flugplatz_K%C3%B6then,
2207,EDCP,small_airport,Peenemünde Airport,54.1577796936,13.774443626399998,7.0,EU,DE,DE-MV,Peenemünde,no,EDCP,PEF,,,https://en.wikipedia.org/wiki/Peenem%C3%BCnde_Airfield,
301881,EDDB,large_airport,Berlin Brandenburg Airport,52.351389,13.493889,157.0,EU,DE,DE-BR,Berlin,yes,EDDB,BER,,https://ber.berlin-airport.de/,https://en.wikipedia.org/wiki/Berlin_Brandenburg_Airport,
2210,EDDC,large_airport,Dresden Airport,51.1328010559082,13.767200469970703,755.0,EU,DE,DE-SN,Dresden,yes,EDDC,DRS,,http://www.dresden-airport.de/en/index.html,https://en.wikipedia.org/wiki/Dresden_Airport,
2211,EDDE,medium_airport,Erfurt Airport,50.97980117797852,10.958100318908691,1036.0,EU,DE,DE-TH,Erfurt,yes,EDDE,ERF,,http://www.airport-erfurt.de/,https://en.wikipedia.org/wiki/Erfurt_Airport,Flughafen Erfurt
2212,EDDF,large_airport,Frankfurt am Main Airport,50.033333,8.570556,364.0,EU,DE,DE-HE,Frankfurt am Main,yes,EDDF,FRA,,http://www.frankfurt-airport.de/,https://en.wikipedia.org/wiki/Frankfurt_Airport,"EDAF, Rhein-Main Air Base"
2213,EDDG,large_airport,Münster Osnabrück Airport,52.134601593,7.68483018875,160.0,EU,DE,DE-NW,Münster,yes,EDDG,FMO,,,https://en.wikipedia.org/wiki/M%C3%BCnster_Osnabr%C3%BCck_International_Airport,
2214,EDDH,large_airport,Hamburg Helmut Schmidt Airport,53.630402,9.98823,53.0,EU,DE,DE-HH,Hamburg,yes,EDDH,HAM,,https://www.hamburg-airport.de/en/,https://en.wikipedia.org/wiki/Hamburg_Airport,Hamburg-Fuhlsbüttel Airport
2215,EDDI,closed,Berlin Tempelhof International Airport,52.473,13.4039,167.0,EU,DE,DE-BE,Berlin,no,EDDI,THF,,,https://en.wikipedia.org/wiki/Tempelhof_International_Airport,BER
2216,EDDK,large_airport,Cologne Bonn Airport,50.8658981323,7.1427397728,302.0,EU,DE,DE-NW,Cologne,yes,EDDK,CGN,,http://www.koeln-bonn-airport.de/en/,https://en.wikipedia.org/wiki/Cologne_Bonn_Airport,Köln
2217,EDDL,large_airport,Düsseldorf Airport,51.289501,6.76678,147.0,EU,DE,DE-NW,Düsseldorf,yes,EDDL,DUS,,http://www.dus.com/dus_en/,https://en.wikipedia.org/wiki/D%C3%BCsseldorf_Airport,
2218,EDDM,large_airport,Munich Airport,48.353802,11.7861,1487.0,EU,DE,DE-BY,Munich,yes,EDDM,MUC,,http://www.munich-airport.com/,https://en.wikipedia.org/wiki/Munich_Airport,"Franz Josef Strauss Airport, Flughafen München Franz Josef Strauß"
2219,EDDN,large_airport,Nuremberg Airport,49.498699,11.078056,1046.0,EU,DE,DE-BY,Nuremberg,yes,EDDN,NUE,,https://www.airport-nuernberg.de/english,https://en.wikipedia.org/wiki/Nuremberg_Airport,Nürnberg
2220,EDDP,large_airport,Leipzig/Halle Airport,51.423889,12.236389,465.0,EU,DE,DE-SN,Leipzig,yes,EDDP,LEJ,,http://www.leipzig-halle-airport.de/en/index.html,https://en.wikipedia.org/wiki/Leipzig/Halle_Airport,Schkeuditz Airport
2221,EDDR,medium_airport,Saarbrücken Airport,49.2145996094,7.10950994492,1058.0,EU,DE,DE-SL,Saarbrücken,yes,EDDR,SCN,,http://www.flughafen-saarbruecken.de/,https://en.wikipedia.org/wiki/Saarbr%C3%BCcken_Airport,
2222,EDDS,large_airport,Stuttgart Airport,48.6898994446,9.22196006775,1276.0,EU,DE,DE-BW,Stuttgart,yes,EDDS,STR,,http://www.flughafen-stuttgart.de/,https://en.wikipedia.org/wiki/Stuttgart_Airport,
2223,EDDT,closed,Berlin-Tegel Otto Lilienthal Airport,52.5597,13.2877,122.0,EU,DE,DE-BE,Berlin,no,EDDT,TXL,,http://www.berlin-airport.de/en/travellers-txl/index.php,https://en.wikipedia.org/wiki/Berlin_Tegel_Airport,"TXL, EDDT, Otto Lilienthal"
2224,EDDV,large_airport,Hannover Airport,52.461101532,9.68507957458,183.0,EU,DE,DE-NI,Hannover,yes,EDDV,HAJ,,,https://en.wikipedia.org/wiki/Hanover/Langenhagen_International_Airport,
2225,EDDW,large_airport,Bremen Airport,53.0475006104,8.78666973114,14.0,EU,DE,DE-HB,Bremen,yes,EDDW,BRE,,,https://en.wikipedia.org/wiki/Bremen_Airport,
2227,EDFH,medium_airport,Frankfurt-Hahn Airport,49.9487,7.26389,1649.0,EU,DE,DE-RP,Frankfurt am Main,yes,EDFH,HHN,,,https://en.wikipedia.org/wiki/Frankfurt-Hahn_Airport,
2228,EDFM,medium_airport,Mannheim-City Airport,49.473057,8.514167,308.0,EU,DE,DE-BW,Mannheim,yes,EDFM,MHG,,http://www.flugplatz-mannheim.de/,https://en.wikipedia.org/wiki/Mannheim_City_Airport,Mannheim
2232,EDGE,medium_airport,Eisenach-Kindel Airport,50.991604,10.47973,1112.0,EU,DE,DE-TH,Eisenach,no,EDGE,EIB,,http://www.flugplatz-eisenach.de/,http://de.wikipedia.org/wiki/Flugplatz_Eisenach-Kindel,Flugplatz Eisenach-Kindel
2233,EDGS,medium_airport,Siegerland Airport,50.70769882202149,8.082969665527344,1966.0,EU,DE,DE-NW,,no,EDGS,SGE,,,https://en.wikipedia.org/wiki/Siegerland_Airport,
2234,EDHI,medium_airport,Hamburg-Finkenwerder Airport,53.5352783203125,9.835556030273438,23.0,EU,DE,DE-HH,Hamburg,no,EDHI,XFW,,,https://en.wikipedia.org/wiki/Hamburg_Finkenwerder_Airport,
2235,EDHK,medium_airport,Kiel-Holtenau Airport,54.379444,10.145278,102.0,EU,DE,DE-SH,Kiel,no,EDHK,KEL,,,https://en.wikipedia.org/wiki/Kiel-Holtenau_airport,
2236,EDHL,medium_airport,Lübeck Blankensee Airport,53.8054008484,10.7192001343,53.0,EU,DE,DE-SH,Lübeck,yes,EDHL,LBC,,,https://en.wikipedia.org/wiki/L%C3%BCbeck_Airport,
28662,EDHN,small_airport,Neumünster Airport,54.07944488525391,9.941389083862305,72.0,EU,DE,DE-SH,Neumünster,no,EDHN,EUM,,,,
2237,EDJA,medium_airport,Memmingen Allgau Airport,47.9888000488,10.2395000458,2077.0,EU,DE,DE-BY,Memmingen,yes,EDJA,FMM,,,https://en.wikipedia.org/wiki/Memmingen_Airport,
28490,EDKA,small_airport,Aachen-Merzbrück Airport,50.823055,6.186389,623.0,EU,DE,DE-NW,Aachen,no,EDKA,AAH,,https://www.flugplatz-aachen.de,,"Flugplatz Aachen Merzbrück, Segelflug Aachen, Motorflug Aachen"
28532,EDKB,small_airport,Bonn-Hangelar Airport,50.7688903809,7.16333293915,197.0,EU,DE,DE-NW,Bonn,no,EDKB,BNJ,,,http://de.wikipedia.org/wiki/Flugplatz_Bonn/Hangelar,
2241,EDLE,small_airport,Essen Mulheim Airport,51.40230178833008,6.9373297691345215,424.0,EU,DE,DE-NW,,no,EDLE,ESS,,,,
2242,EDLI,small_airport,Bielefeld Airport,51.964722,8.544444,454.0,EU,DE,DE-NW,Bielefeld,no,EDLI,BFE,,http://www.flugplatz-bielefeld.de/,http://de.wikipedia.org/wiki/Flugplatz_Bielefeld,Flugplatz-Windelsbleiche
2243,EDLN,medium_airport,Mönchengladbach Airport,51.230278,6.504444,125.0,EU,DE,DE-NW,Mönchengladbach,no,EDLN,MGL,,,https://en.wikipedia.org/wiki/D%C3%BCsseldorf-M%C3%B6nchengladbach_Airport,
2244,EDLP,medium_airport,Paderborn Lippstadt Airport,51.6141014099,8.616319656369999,699.0,EU,DE,DE-NW,Paderborn,yes,EDLP,PAD,,,https://en.wikipedia.org/wiki/Paderborn_Lippstadt_Airport,
2246,EDLV,medium_airport,Weeze Airport,51.6024017334,6.14216995239,106.0,EU,DE,DE-NW,Weeze,yes,EDLV,NRN,,http://www.airport-weeze.de/de,https://en.wikipedia.org/wiki/Airport_Weeze,"LRC, ETUL, Niederrhein Airport, RAF Laarbruch, Düsseldorf Regional"
2247,EDLW,large_airport,Dortmund Airport,51.51829910279999,7.61223983765,425.0,EU,DE,DE-NW,Dortmund,yes,EDLW,DTM,,,https://en.wikipedia.org/wiki/Dortmund_Airport,
2248,EDMA,medium_airport,Augsburg Airport,48.425278,10.931667,1516.0,EU,DE,DE-BY,Augsburg,no,EDMA,AGB,,https://www.augsburg-airport.de/,https://en.wikipedia.org/wiki/Augsburg_Airport,
2252,EDMO,medium_airport,Oberpfaffenhofen Airport,48.081402,11.2831,1947.0,EU,DE,DE-BY,Weßling,no,EDMO,OBF,,http://www.edmo-airport.de,,Weßling
2253,EDMS,small_airport,Straubing Airport,48.90083312988281,12.516667366027832,1047.0,EU,DE,DE-BY,Straubing,no,EDMS,RBM,,,,
2256,EDNY,medium_airport,Friedrichshafen Airport,47.6712989807,9.51148986816,1367.0,EU,DE,DE-BW,Friedrichshafen,yes,EDNY,FDH,,,https://en.wikipedia.org/wiki/Friedrichshafen_Airport,
2258,EDOP,medium_airport,Schwerin Parchim Airport,53.426998,11.7834,166.0,EU,DE,DE-MV,,no,EDOP,SZW,,,https://en.wikipedia.org/wiki/Parchim_International_Airport,
2261,EDQD,medium_airport,Bayreuth Airport,49.985001,11.64,1601.0,EU,DE,DE-BY,Bayreuth,no,EDQD,BYU,,,https://en.wikipedia.org/wiki/Bindlacher_Berg_Airport,Bindlacher Berg Airport
2262,EDQE,small_airport,Burg Feuerstein Airport,49.794166564941,11.133610725403,1673.0,EU,DE,DE-BY,Ebermannstadt,no,EDQE,URD,,http://www.edqe.de/home/,http://de.wikipedia.org/wiki/Flugplatz_Burg_Feuerstein,
43125,EDQG,small_airport,Giebelstadt Airport,49.6480560303,9.966388702390002,981.0,EU,DE,DE-BY,Giebelstadt,no,EDQG,GHF,,http://www.edqg.de/,https://en.wikipedia.org/wiki/Giebelstadt_Airport,
2263,EDQM,medium_airport,Hof-Plauen Airport,50.288612,11.856389,1959.0,EU,DE,DE-BY,Hof,no,EDQM,HOQ,,,https://en.wikipedia.org/wiki/Hof-Plauen_Airport,
2265,EDRB,small_airport,Bitburg Airport,49.945278,6.565,1220.0,EU,DE,DE-RP,Bitburg,no,EDRB,BBJ,,,https://en.wikipedia.org/wiki/Bitburg_Airport,
2269,EDRZ,small_airport,Zweibrücken Airport,49.2094,7.40056,1132.0,EU,DE,DE-RP,Zweibrücken,no,EDRZ,ZQW,,http://www.edrz-airport.de,https://en.wikipedia.org/wiki/Zweibr%C3%BCcken_Airport,
2270,EDSB,large_airport,Karlsruhe Baden-Baden Airport,48.7793998718,8.08049964905,408.0,EU,DE,DE-BW,Baden-Baden,yes,EDSB,FKB,,http://www.baden-airpark.de/startseite.html,https://en.wikipedia.org/wiki/Baden_Airpark,Baden Airpark
2276,EDTL,medium_airport,Lahr Airport,48.3693008423,7.82772016525,511.0,EU,DE,DE-BW,,no,EDTL,LHA,,http://airport-lahr.de/,https://en.wikipedia.org/wiki/CFB_Lahr,Black Forest Airport
2284,EDVE,medium_airport,Braunschweig-Wolfsburg Airport,52.319199,10.5561,295.0,EU,DE,DE-NI,Braunschweig,no,EDVE,BWE,,http://www.flughafen-braunschweig-wolfsburg.de/,https://en.wikipedia.org/wiki/Braunschweig_Airport,
2285,EDVK,medium_airport,Kassel-Calden Airport,51.417273,9.384967,820.0,EU,DE,DE-HE,Kassel,yes,EDVK,KSF,,http://www.flughafenkassel.de/,https://en.wikipedia.org/wiki/Kassel_Calden_Airport,
2287,EDWB,closed,Bremerhaven Airport,53.506943,8.572778,10.0,EU,DE,DE-HB,Bremerhaven,no,EDWB,BRV,,,https://en.wikipedia.org/wiki/Bremerhaven_Airport,
28636,EDWD,closed,Lemwerder Airport,53.144699,8.62444,20.0,EU,DE,DE-HB,Lemwerder,no,EDWD,XLW,,,https://de.wikipedia.org/wiki/Flugplatz_Lemwerder,
2288,EDWE,small_airport,Emden Airport,53.391109,7.2275,3.0,EU,DE,DE-NI,Emden,yes,EDWE,EME,,,https://en.wikipedia.org/wiki/Emden_Airport,
28751,EDWG,small_airport,Wangerooge Airport,53.78277969360352,7.913888931274414,7.0,EU,DE,DE-NI,Wangerooge,no,EDWG,AGE,,,,
2290,EDWI,small_airport,Wilhelmshaven-Mariensiel Airport,53.502220153808594,8.05222225189209,16.0,EU,DE,DE-NI,Wilhelmshaven,no,EDWI,WVN,,,,
28614,EDWJ,small_airport,Juist Airport,53.68111038208008,7.055832862854004,7.0,EU,DE,DE-NI,Juist,no,EDWJ,JUI,,,,
28632,EDWL,small_airport,Langeoog Airport,53.74250030517578,7.497777938842773,7.0,EU,DE,DE-NI,Langeoog,no,EDWL,LGO,,,,
2291,EDWR,small_airport,Borkum Airport,53.59639,6.709167,3.0,EU,DE,DE-NI,Borkum,yes,EDWR,BMK,,,https://en.wikipedia.org/wiki/Borkum_Airfield,Borkum
28668,EDWS,small_airport,Norden-Norddeich Airport,53.6330566406,7.19027805328,3.0,EU,DE,DE-NI,Norddeich,no,EDWS,NOD,,,,
28744,EDWU,small_airport,Varrelbusch Airport,52.908333,8.040556,128.0,EU,DE,DE-NI,Cloppenburg,no,EDWU,VAC,,http://www.lsv-cloppenburg.de,,
2292,EDWY,small_airport,Norderney Airport,53.706944,7.23,7.0,EU,DE,DE-NI,Norderney,yes,EDWY,NRD,,,,
28520,EDWZ,small_airport,Baltrum Airport,53.72472381591797,7.373332977294922,7.0,EU,DE,DE-NI,Baltrum,no,EDWZ,BMR,,,,
28590,EDXB,small_airport,Heide-Büsum Airport,54.1533317566,8.90166664124,7.0,EU,DE,DE-SH,Büsum,yes,EDXB,HEI,,http://www.edxb.de,https://en.wikipedia.org/wiki/Heide-Buesum_Airport,
2293,EDXF,small_airport,Flensburg-Schäferhaus Airport,54.77333450317383,9.378889083862305,131.0,EU,DE,DE-SH,Flensburg,no,EDXF,FLF,,,,
28591,EDXH,small_airport,Helgoland-Düne Airport,54.1852798462,7.91583299637,8.0,EU,DE,DE-SH,Helgoland,yes,EDXH,HGL,,http://www.flughafen-helgoland.de,https://en.wikipedia.org/wiki/Heligoland_Airport,
2294,EDXJ,small_airport,Husum-Schwesing Airport,54.5099983215,9.13833332062,62.0,EU,DE,DE-SH,Husum,no,EDXJ,QHU,,,https://en.wikipedia.org/wiki/Husum_Schwesing_Airport,
28734,EDXO,small_airport,St. Peter-Ording Airport,54.30888748168945,8.686944007873535,7.0,EU,DE,DE-SH,Sankt Peter-Ording,no,EDXO,PSH,,,,
2296,EDXW,medium_airport,Westerland Sylt Airport,54.9132003784,8.34047031403,51.0,EU,DE,DE-SH,Westerland,yes,EDXW,GWT,,,https://en.wikipedia.org/wiki/Sylt_Airport,
28765,EDXY,small_airport,Wyk auf Föhr Airport,54.68444442749024,8.528332710266113,26.0,EU,DE,DE-SH,Wyk auf Föhr,no,EDXY,OHR,,,,
2298,EEKA,medium_airport,Kärdla Airport,58.99079895019531,22.830699920654297,18.0,EU,EE,EE-39,Kärdla,yes,EEKA,KDL,,,https://en.wikipedia.org/wiki/K%C3%A4rdla_Airport,
2299,EEKE,medium_airport,Kuressaare Airport,58.22990036010742,22.50950050354004,14.0,EU,EE,EE-74,Kuressaare,yes,EEKE,URE,,http://www.eeke.ee/,https://en.wikipedia.org/wiki/Kuressaare_Airport,
2300,EEPU,medium_airport,Pärnu Airport,58.41899871826172,24.47279930114746,47.0,EU,EE,EE-67,Pärnu,yes,EEPU,EPU,,,https://en.wikipedia.org/wiki/P%C3%A4rnu_Airport,
2301,EETN,large_airport,Lennart Meri Tallinn Airport,59.41329956049999,24.8327999115,131.0,EU,EE,EE-37,Tallinn,yes,EETN,TLL,,http://www.tallinn-airport.ee/eng,https://en.wikipedia.org/wiki/Tallinn_Airport,
2302,EETU,medium_airport,Tartu Airport,58.307499,26.690399,220.0,EU,EE,EE-7B,Tartu,yes,EETU,TAY,,,https://en.wikipedia.org/wiki/Tartu_Airport,
2303,EFET,medium_airport,Enontekio Airport,68.362602233887,23.424299240112,1005.0,EU,FI,FI-10,Enontekio,yes,EFET,ENF,,http://www.finavia.fi/en/enontekio/,https://en.wikipedia.org/wiki/Enonteki%C3%B6_Airport,
2305,EFHA,medium_airport,Halli Airport,61.856039,24.786686,479.0,EU,FI,FI-08,Jämsä,no,EFHA,KEV,,,https://en.wikipedia.org/wiki/Halli_Airport,Halli Air Base
2306,EFHF,medium_airport,Helsinki Malmi Airport,60.254601,25.042801,57.0,EU,FI,FI-18,Helsinki,no,EFHF,HEM,,,https://en.wikipedia.org/wiki/Helsinki-Malmi_Airport,
2307,EFHK,large_airport,Helsinki Vantaa Airport,60.3172,24.963301,179.0,EU,FI,FI-18,Helsinki,yes,EFHK,HEL,,http://www.finavia.fi/en/helsinki-airport,https://en.wikipedia.org/wiki/Helsinki_Airport,
2310,EFHV,small_airport,Hyvinkää Airfield,60.6544,24.8811,430.0,EU,FI,FI-18,Hyvinkää,no,EFHV,HYV,,,https://en.wikipedia.org/wiki/Hyvink%C3%A4%C3%A4_Airfield,
2313,EFIT,medium_airport,Kitee Airport,62.1661,30.073601,364.0,EU,FI,FI-13,Kitee,no,EFIT,KTQ,,,https://en.wikipedia.org/wiki/Kitee_Airfield,
2314,EFIV,medium_airport,Ivalo Airport,68.607299804688,27.405300140381,481.0,EU,FI,FI-10,Ivalo,yes,EFIV,IVL,,http://www.finavia.fi/en/ivalo/,https://en.wikipedia.org/wiki/Ivalo_Airport,
2315,EFJO,medium_airport,Joensuu Airport,62.662899,29.6075,398.0,EU,FI,FI-13,Joensuu / Liperi,yes,EFJO,JOE,,http://www.finavia.fi/en/joensuu/,https://en.wikipedia.org/wiki/Joensuu_Airport,
2316,EFJY,medium_airport,Jyväskylä Airport,62.399502,25.678301,459.0,EU,FI,FI-08,Jyväskylän Maalaiskunta,yes,EFJY,JYV,,https://www.finavia.fi/en/jyvaskyla/,https://en.wikipedia.org/wiki/Jyv%C3%A4skyl%C3%A4_Airport,
2317,EFKA,medium_airport,Kauhava Airfield,63.127102,23.051399,151.0,EU,FI,FI-03,Kauhava,no,EFKA,KAU,,,https://en.wikipedia.org/wiki/Kauhava_Airfield,Kauhava Air Base
2318,EFKE,medium_airport,Kemi-Tornio Airport,65.778701782227,24.582099914551,61.0,EU,FI,FI-10,Kemi / Tornio,yes,EFKE,KEM,,http://www.finavia.fi/en/kemi-tornio/,https://en.wikipedia.org/wiki/Kemi-Tornio_Airport,
2319,EFKI,medium_airport,Kajaani Airport,64.2855,27.6924,483.0,EU,FI,FI-05,Kajaani,yes,EFKI,KAJ,,https://www.finavia.fi/en/kajaani/,https://en.wikipedia.org/wiki/Kajaani_Airport,
2320,EFKJ,medium_airport,Kauhajoki Airfield,62.462502,22.393101,407.0,EU,FI,FI-03,,no,EFKJ,KHJ,,,https://en.wikipedia.org/wiki/Kauhajoki_Airfield,
2321,EFKK,medium_airport,Kokkola-Pietarsaari Airport,63.721199,23.143101,84.0,EU,FI,FI-07,Kokkola / Kruunupyy,yes,EFKK,KOK,,https://www.finavia.fi/en/kokkola-pietarsaari/,https://en.wikipedia.org/wiki/Kokkola-Pietarsaari_Airport,Kronoby Airport
2324,EFKS,medium_airport,Kuusamo Airport,65.987602,29.239401,866.0,EU,FI,FI-14,Kuusamo,yes,EFKS,KAO,,http://www.finavia.fi/en/kuusamo/,https://en.wikipedia.org/wiki/Kuusamo_Airport,
2325,EFKT,medium_airport,Kittilä Airport,67.700996398926,24.846799850464,644.0,EU,FI,FI-10,Kittilä,yes,EFKT,KTT,,http://www.finavia.fi/en/kittila/,https://en.wikipedia.org/wiki/Kittil%C3%A4_Airport,
2326,EFKU,medium_airport,Kuopio Airport,63.007099,27.7978,323.0,EU,FI,FI-15,Kuopio / Siilinjärvi,yes,EFKU,KUO,,https://www.finavia.fi/en/kuopio/,https://en.wikipedia.org/wiki/Kuopio_Airport,
2327,EFLA,small_airport,Lahti Vesivehmaa Airport,61.144199,25.693501,502.0,EU,FI,FI-16,Lahti,no,EFLA,QLF,,,,
2329,EFLP,medium_airport,Lappeenranta Airport,61.044601,28.144743,349.0,EU,FI,FI-02,Lappeenranta,yes,EFLP,LPP,,https://lppairport.fi/en,https://en.wikipedia.org/wiki/Lappeenranta_Airport,
2330,EFMA,medium_airport,Mariehamn Airport,60.1222,19.898199,17.0,EU,FI,FI-01,Mariehamn,yes,EFMA,MHQ,,http://www.finavia.fi/en/mariehamn/,https://en.wikipedia.org/wiki/Mariehamn_Airport,
2332,EFMI,medium_airport,Mikkeli Airport,61.6866,27.201799,329.0,EU,FI,FI-04,Mikkeli,no,EFMI,MIK,,http://www.mikkelinlentoasema.fi/en/,https://en.wikipedia.org/wiki/Mikkeli_Airport,
2334,EFOU,medium_airport,Oulu Airport,64.930099,25.354601,47.0,EU,FI,FI-14,Oulu / Oulunsalo,yes,EFOU,OUL,,https://www.finavia.fi/en/oulu/,https://en.wikipedia.org/wiki/Oulu_Airport,
2336,EFPO,medium_airport,Pori Airport,61.4617,21.799999,44.0,EU,FI,FI-17,Pori,yes,EFPO,POR,,http://www.finavia.fi/en/pori/,https://en.wikipedia.org/wiki/Pori_Airport,
2341,EFRO,medium_airport,Rovaniemi Airport,66.564796447754,25.830400466919,642.0,EU,FI,FI-10,Rovaniemi,yes,EFRO,RVN,,http://www.finavia.fi/en/rovaniemi/,https://en.wikipedia.org/wiki/Rovaniemi_Airport,
2343,EFSA,medium_airport,Savonlinna Airport,61.9431,28.945101,311.0,EU,FI,FI-04,Savonlinna,yes,EFSA,SVL,,http://www.finavia.fi/en/savonlinna/,https://en.wikipedia.org/wiki/Savonlinna_Airport,
2345,EFSI,medium_airport,Seinäjoki Airport,62.692101,22.8323,302.0,EU,FI,FI-03,Seinäjoki / Ilmajoki,yes,EFSI,SJY,,,https://en.wikipedia.org/wiki/Sein%C3%A4joki_Airport,
2346,EFSO,medium_airport,Sodankyla Airport,67.3949966431,26.6191005707,602.0,EU,FI,FI-10,Sodankyla,no,EFSO,SOT,,,https://en.wikipedia.org/wiki/Sodankyl%C3%A4_Airfield,
2347,EFTP,medium_airport,Tampere-Pirkkala Airport,61.414101,23.604401,390.0,EU,FI,FI-11,Tampere / Pirkkala,yes,EFTP,TMP,,https://www.finavia.fi/en/tampere-pirkkala/,https://en.wikipedia.org/wiki/Tampere-Pirkkala_Airport,
2349,EFTU,medium_airport,Turku Airport,60.514099,22.2628,161.0,EU,FI,FI-19,Turku,yes,EFTU,TKU,,https://www.finavia.fi/en/turku/,https://en.wikipedia.org/wiki/Turku_Airport,
2350,EFUT,medium_airport,Utti Air Base,60.8964,26.9384,339.0,EU,FI,FI-09,Utti / Valkeala,no,EFUT,UTI,,,https://en.wikipedia.org/wiki/Utti_Airport,
2351,EFVA,medium_airport,Vaasa Airport,63.050701,21.762199,19.0,EU,FI,FI-12,Vaasa,yes,EFVA,VAA,,http://www.finavia.fi/en/vaasa/,https://en.wikipedia.org/wiki/Vaasa_Airport,
2352,EFVR,medium_airport,Varkaus Airport,62.171101,27.868601,286.0,EU,FI,FI-04,Varkaus / Joroinen,yes,EFVR,VRK,,http://www.finavia.fi/en/varkaus/,https://en.wikipedia.org/wiki/Varkaus_Airport,
2353,EFYL,medium_airport,Ylivieska Airfield,64.054722,24.725278,252.0,EU,FI,FI-14,,no,EFYL,YLI,,"http://www.ylivieska.fi/alltypes.asp?d_type=5&menu_id=17643&menupath=16922,17643",https://en.wikipedia.org/wiki/Ylivieska_Airfield,
2385,EGAA,large_airport,Belfast International Airport,54.6575012207,-6.21582984924,268.0,EU,GB,GB-NIR,Belfast,yes,EGAA,BFS,,http://www.belfastairport.com/,https://en.wikipedia.org/wiki/Belfast_International_Airport,"Aldergrove, RAF Aldergrove"
2386,EGAB,medium_airport,Enniskillen/St Angelo Airport,54.398899,-7.65167,155.0,EU,GB,GB-NIR,Enniskillen,no,EGAB,ENK,,,https://en.wikipedia.org/wiki/Enniskillen/St_Angelo_Airport,
2387,EGAC,medium_airport,George Best Belfast City Airport,54.618099,-5.8725,15.0,EU,GB,GB-NIR,Belfast,yes,EGAC,BHD,,http://www.belfastcityairport.com/,https://en.wikipedia.org/wiki/George_Best_Belfast_City_Airport,
2388,EGAE,medium_airport,City of Derry Airport,55.04280090332031,-7.161109924316406,22.0,EU,GB,GB-NIR,Derry,yes,EGAE,LDY,,http://www.cityofderryairport.com/,https://en.wikipedia.org/wiki/City_of_Derry_Airport,Londonderry Eglinton Airport
2389,EGBB,large_airport,Birmingham International Airport,52.4538993835,-1.74802994728,327.0,EU,GB,GB-ENG,Birmingham,yes,EGBB,BHX,,http://www.bhx.co.uk/,https://en.wikipedia.org/wiki/Birmingham_International_Airport_(United_Kingdom),
2390,EGBE,medium_airport,Coventry Airport,52.3697013855,-1.47971999645,267.0,EU,GB,GB-ENG,Coventry,no,EGBE,CVT,,http://www.coventryairport.co.uk/,https://en.wikipedia.org/wiki/Coventry_Airport,RAF Baginton
2392,EGBJ,medium_airport,Gloucestershire Airport,51.89419937133789,-2.167220115661621,101.0,EU,GB,GB-ENG,Staverton,no,EGBJ,GLO,,,https://en.wikipedia.org/wiki/Gloucestershire_Airport,
29109,EGBK,small_airport,Sywell Aerodrome,52.3053016663,-0.7930560112,429.0,EU,GB,GB-ENG,Northampton,no,EGBK,ORM,,http://www.sywellaerodrome.co.uk/,https://en.wikipedia.org/wiki/Sywell_Aerodrome,
2393,EGBN,medium_airport,Nottingham Airport,52.919998,-1.07917,138.0,EU,GB,GB-ENG,Nottingham,no,EGBN,NQT,,http://www.nottinghamairport.co.uk/,https://en.wikipedia.org/wiki/Nottingham_Airport,
2395,EGBP,small_airport,Cotswold Airport,51.668095,-2.05694,433.0,EU,GB,GB-ENG,Kemble,no,EGBP,GBA,,http://www.cotswoldairport.com/,https://en.wikipedia.org/wiki/Cotswold_Airport,"RAF Kemble, Kemble Airfield, Kemble Airport, Cotswold Airport"
2398,EGCC,large_airport,Manchester Airport,53.349375,-2.279521,257.0,EU,GB,GB-ENG,Manchester,yes,EGCC,MAN,,http://www.manchesterairport.co.uk/,https://en.wikipedia.org/wiki/Manchester_Airport,"Ringway Airport, RAF Ringway"
2401,EGCN,large_airport,Robin Hood Doncaster Sheffield Airport,53.4805378105,-1.01065635681,55.0,EU,GB,GB-ENG,Doncaster,yes,EGCN,DSA,,http://www.robinhoodairport.com/,https://en.wikipedia.org/wiki/Robin_Hood_Airport_Doncaster_Sheffield,RAF Finningley
29123,EGDJ,small_airport,Upavon Aerodrome,51.2862014771,-1.7820199728,574.0,EU,GB,GB-ENG,Upavon,no,EGDJ,UPV,,,https://en.wikipedia.org/wiki/RAF_Upavon,"RAF Upavon, Trenchard Lines, Salisbury Plain"
2405,EGDL,closed,RAF Lyneham,51.5051,-1.99343,513.0,EU,GB,GB-ENG,Lyneham,no,EGDL,LYE,,http://www.raf.mod.uk/raflyneham/,https://en.wikipedia.org/wiki/RAF_Lyneham,
2410,EGDY,medium_airport,RNAS Yeovilton,51.0093994140625,-2.638819932937622,75.0,EU,GB,GB-ENG,Yeovil,no,EGDY,YEO,,,https://en.wikipedia.org/wiki/RNAS_Yeovilton_(HMS_Heron),
2411,EGEC,medium_airport,Campbeltown Airport,55.437198638916016,-5.686389923095703,42.0,EU,GB,GB-SCT,Campbeltown,yes,EGEC,CAL,,http://www.hial.co.uk/campbeltown-airport.html,https://en.wikipedia.org/wiki/Campbeltown_Airport,"Kintyre, RAF Machrihanish, Kinlochkilkerran"
29126,EGED,medium_airport,Eday Airport,59.19060134887695,-2.7722198963165283,10.0,EU,GB,GB-SCT,Eday,yes,EGED,EOI,,,https://en.wikipedia.org/wiki/Eday_Airport,London Airport
29127,EGEF,small_airport,Fair Isle Airport,59.535801,-1.62806,223.0,EU,GB,GB-SCT,Fair Isle,yes,EGEF,FIE,,http://www.fairisle.org.uk/egef/index.htm,https://en.wikipedia.org/wiki/Fair_Isle_Airport,
29128,EGEH,small_airport,Whalsay Airport,60.37749862670898,-0.9255560040473938,100.0,EU,GB,GB-SCT,Whalsay,no,EGEH,WHS,,,,
44408,EGEL,small_airport,Coll Airport,56.6018981934,-6.61778020859,21.0,EU,GB,GB-SCT,Coll Island,no,EGEL,COL,,,,
29129,EGEN,small_airport,North Ronaldsay Airport,59.3675003052,-2.43443989754,40.0,EU,GB,GB-SCT,North Ronaldsay,yes,EGEN,NRL,,,https://en.wikipedia.org/wiki/North_Ronaldsay_Airport,
2412,EGEO,small_airport,Oban Airport,56.4635009765625,-5.399670124053955,20.0,EU,GB,GB-SCT,North Connel,no,EGEO,OBN,,,https://en.wikipedia.org/wiki/Oban_Airport,
29130,EGEP,small_airport,Papa Westray Airport,59.351699829100006,-2.9002799987800003,91.0,EU,GB,GB-SCT,Papa Westray,yes,EGEP,PPW,,,https://en.wikipedia.org/wiki/Papa_Westray_Airport,Papay
29131,EGER,small_airport,Stronsay Airport,59.1553001404,-2.64139008522,39.0,EU,GB,GB-SCT,Stronsay,yes,EGER,SOY,,,,
29132,EGES,small_airport,Sanday Airport,59.250301361083984,-2.576669931411743,68.0,EU,GB,GB-SCT,Sanday,yes,EGES,NDY,,,,
29133,EGET,small_airport,Lerwick / Tingwall Airport,60.192199707,-1.24361002445,43.0,EU,GB,GB-SCT,Lerwick,yes,EGET,LWK,,,https://en.wikipedia.org/wiki/Tingwall_Airport,
29134,EGEW,small_airport,Westray Airport,59.3502998352,-2.95000004768,29.0,EU,GB,GB-SCT,Westray,yes,EGEW,WRY,,,https://en.wikipedia.org/wiki/Westray_Airport,
44409,EGEY,small_airport,Colonsay Airstrip,56.057499,-6.24306,44.0,EU,GB,GB-SCT,Colonsay,no,EGEY,CSA,,,,Machrins
2414,EGFE,medium_airport,Haverfordwest Airport,51.833099365234375,-4.9611101150512695,159.0,EU,GB,GB-WLS,Haverfordwest,no,EGFE,HAW,,,https://en.wikipedia.org/wiki/Haverfordwest_Aerodrome,
2415,EGFF,large_airport,Cardiff International Airport,51.39670181274414,-3.343329906463623,220.0,EU,GB,GB-WLS,Cardiff,yes,EGFF,CWL,,http://www.cwlfly.com/,https://en.wikipedia.org/wiki/Cardiff_International_Airport,Rhoose
2416,EGFH,medium_airport,Swansea Airport,51.60530090332031,-4.0678300857543945,299.0,EU,GB,GB-WLS,Swansea,no,EGFH,SWS,,,https://en.wikipedia.org/wiki/Swansea_Airport,
2417,EGGD,large_airport,Bristol Airport,51.382702,-2.71909,622.0,EU,GB,GB-ENG,Bristol,yes,EGGD,BRS,,http://www.bristolairport.co.uk/,https://en.wikipedia.org/wiki/Bristol_International_Airport,Lulsgate Bottom
2418,EGGP,large_airport,Liverpool John Lennon Airport,53.33359909057617,-2.849720001220703,80.0,EU,GB,GB-ENG,Liverpool,yes,EGGP,LPL,,http://www.liverpoolairport.com/,https://en.wikipedia.org/wiki/Liverpool_John_Lennon_Airport,
2419,EGGW,large_airport,London Luton Airport,51.874698638916016,-0.3683330118656158,526.0,EU,GB,GB-ENG,London,yes,EGGW,LTN,,http://www.london-luton.co.uk/en/,https://en.wikipedia.org/wiki/London_Luton_Airport,LON
29139,EGHC,small_airport,Land's End Airport,50.102798,-5.67056,398.0,EU,GB,GB-ENG,Land's End,yes,EGHC,LEQ,,http://www.landsendairport.co.uk/,https://en.wikipedia.org/wiki/Land%27s_End_Airport,St. Just Airport
2420,EGHD,closed,Plymouth City Airport,50.422798,-4.10583,476.0,EU,GB,GB-ENG,Plymouth,no,EGHD,PLH,,http://www.plymouthairport.com/,https://en.wikipedia.org/wiki/Plymouth_City_Airport,
29140,EGHE,small_airport,St. Mary's Airport,49.9133,-6.29167,116.0,EU,GB,GB-ENG,St. Mary's,yes,EGHE,ISC,,http://www.scilly.gov.uk/transport/airandsea/airport/,https://en.wikipedia.org/wiki/St._Mary%27s_Airport_%28Isles_of_Scilly%29,
2421,EGHH,medium_airport,Bournemouth Airport,50.779999,-1.8425,38.0,EU,GB,GB-ENG,Bournemouth,yes,EGHH,BOH,,http://www.bournemouthairport.com/,https://en.wikipedia.org/wiki/Bournemouth_Airport,RAF Hurn
2422,EGHI,large_airport,Southampton Airport,50.95029830932617,-1.3567999601364136,44.0,EU,GB,GB-ENG,Southampton,yes,EGHI,SOU,,http://www.southamptonairport.com/,https://en.wikipedia.org/wiki/Southampton_Airport,"RAF Eastleigh, RAF Southampton"
29143,EGHJ,small_airport,Bembridge Airport,50.6781005859,-1.10943996906,53.0,EU,GB,GB-ENG,Bembridge,no,EGHJ,BBP,,http://www.eghj.com/,https://en.wikipedia.org/wiki/Bembridge_Airport,Britten Norman
29144,EGHK,closed,Penzance Heliport,50.128101,-5.51845,14.0,EU,GB,GB-ENG,Penzance,no,EGHK,PZE,,http://www.brit-int.co.uk/Penzanceheliport.html,https://en.wikipedia.org/wiki/Penzance_Heliport,
2404,EGHQ,medium_airport,Newquay Cornwall Airport,50.44060134887695,-4.995409965515137,390.0,EU,GB,GB-ENG,Newquay,yes,EGHQ,NQY,,http://www.newquaycornwallairport.com/,https://en.wikipedia.org/wiki/Newquay_Cornwall_Airport,"St Mawgan, EGDG"
29148,EGHR,small_airport,Goodwood Aerodrome,50.859402,-0.759167,98.0,EU,GB,GB-ENG,Chichester,no,EGHR,QUG,,http://www.goodwood.co.uk/aviation/,https://en.wikipedia.org/wiki/Chichester/Goodwood_Airport,RAF Westhampnett
2424,EGJA,small_airport,Alderney Airport,49.706104,-2.21472,290.0,EU,GG,GG-U-A,Saint Anne,yes,EGJA,ACI,,,https://en.wikipedia.org/wiki/Alderney_Airport,"The Blaye, Channel Islands"
2425,EGJB,medium_airport,Guernsey Airport,49.435001373291016,-2.601969957351685,336.0,EU,GG,GG-U-A,Saint Peter Port,yes,EGJB,GCI,,,https://en.wikipedia.org/wiki/Guernsey_Airport,Channel Islands
2426,EGJJ,medium_airport,Jersey Airport,49.20790100097656,-2.195509910583496,277.0,EU,JE,JE-U-A,Saint Helier,yes,EGJJ,JER,,http://www.jerseyairport.com/,https://en.wikipedia.org/wiki/Jersey_Airport,Channel Islands
2427,EGKA,medium_airport,Shoreham Airport,50.835602,-0.297222,7.0,EU,GB,GB-ENG,Brighton,no,EGKA,ESH,,http://flybrighton.com,https://en.wikipedia.org/wiki/Shoreham_Airport,
2428,EGKB,medium_airport,London Biggin Hill Airport,51.33079910279999,0.0324999988079,598.0,EU,GB,GB-ENG,London,no,EGKB,BQH,,http://www.bigginhillairport.com/,https://en.wikipedia.org/wiki/London_Biggin_Hill_Airport,"LON, RAF Biggin Hill"
2429,EGKK,large_airport,London Gatwick Airport,51.148102,-0.190278,202.0,EU,GB,GB-ENG,London,yes,EGKK,LGW,,http://www.gatwickairport.com/,https://en.wikipedia.org/wiki/Gatwick_Airport,"LON, Crawley, Charlwood"
316475,EGKM,closed,RAF West Malling,51.27,0.4,308.0,EU,GB,GB-ENG,West Malling,no,EGKM,WEM,,,https://en.wikipedia.org/wiki/RAF_West_Malling,"Maidstone Airport, Kingshill, Kings Hill"
29155,EGKR,small_airport,Redhill Aerodrome,51.2136001587,-0.138611003757,222.0,EU,GB,GB-ENG,Redhill,no,EGKR,KRH,,http://www.redhillaerodrome.com/,https://en.wikipedia.org/wiki/Redhill_Aerodrome,RAF Redhill
2430,EGLC,medium_airport,London City Airport,51.505299,0.055278,19.0,EU,GB,GB-ENG,London,yes,EGLC,LCY,,http://www.londoncityairport.com/,https://en.wikipedia.org/wiki/London_City_Airport,LON
2431,EGLF,medium_airport,Farnborough Airport,51.2757987976,-0.776332974434,238.0,EU,GB,GB-ENG,Farnborough,no,EGLF,FAB,,http://www.tagaviation.com,https://en.wikipedia.org/wiki/Farnborough_Airfield,"TAG London Farnborough Airport, RAE Farnborough, EGUF"
2433,EGLK,medium_airport,Blackbushe Airport,51.32389831542969,-0.8475000262260437,325.0,EU,GB,GB-ENG,Yateley,no,EGLK,BBS,,http://www.blackbusheairport.co.uk/,https://en.wikipedia.org/wiki/Blackbushe_Airport,RAF Hartford Bridge
2434,EGLL,large_airport,London Heathrow Airport,51.4706,-0.461941,83.0,EU,GB,GB-ENG,London,yes,EGLL,LHR,,http://www.heathrowairport.com/,https://en.wikipedia.org/wiki/Heathrow_Airport,"LON, Londres"
2435,EGMC,medium_airport,Southend Airport,51.5714,0.695556,49.0,EU,GB,GB-ENG,London,yes,EGMC,SEN,,http://www.southendairport.com/,https://en.wikipedia.org/wiki/London_Southend_Airport,RAF Rochford
2436,EGMD,medium_airport,Lydd Airport,50.9561,0.939167,13.0,EU,GB,GB-ENG,"Lydd, Ashford",no,EGMD,LYX,,http://www.lydd-airport.co.uk/,https://en.wikipedia.org/wiki/London_Ashford_Airport,London Ashford
2437,EGMH,closed,Kent International Airport (Manston),51.342201,1.34611,178.0,EU,GB,GB-ENG,Manston,no,EGMH,MSE,,http://www.kentinternationalairport-manston.com/,https://en.wikipedia.org/wiki/Kent_International_Airport,"RAF Manston, Ramsgate, EGUM, Manston Airport"
313840,EGMK,closed,Lympne Airport,51.08,1.013,351.0,EU,GB,GB-ENG,Ashford,no,EGMK,LYM,,,https://en.wikipedia.org/wiki/Lympne_Airport,RAF Lympne
2439,EGNC,medium_airport,Carlisle Airport,54.9375,-2.8091700077056885,190.0,EU,GB,GB-ENG,Carlisle,no,EGNC,CAX,,,https://en.wikipedia.org/wiki/Carlisle_Airport,
2441,EGNH,medium_airport,Blackpool International Airport,53.77170181274414,-3.0286099910736084,34.0,EU,GB,GB-ENG,Blackpool,yes,EGNH,BLK,,http://www.blackpoolinternational.com/,https://en.wikipedia.org/wiki/Blackpool_International_Airport,
2442,EGNJ,medium_airport,Humberside Airport,53.57440185546875,-0.350832998752594,121.0,EU,GB,GB-ENG,Grimsby,yes,EGNJ,HUY,,http://www.humbersideairport.com/,https://en.wikipedia.org/wiki/Humberside_Airport,RAF Kirmington
2443,EGNL,medium_airport,Barrow Walney Island Airport,54.1286111,-3.2675,173.0,EU,GB,GB-ENG,Barrow-in-Furness,no,EGNL,BWF,,http://www.walneyairfield.multiservers.com/,https://en.wikipedia.org/wiki/Barrow/Walney_Island_Airfield,
2444,EGNM,large_airport,Leeds Bradford Airport,53.86589813232422,-1.6605700254440308,681.0,EU,GB,GB-ENG,Leeds,yes,EGNM,LBA,,http://www.lbia.co.uk/,https://en.wikipedia.org/wiki/Leeds_Bradford_International_Airport,
2445,EGNO,medium_airport,Warton Aerodrome,53.745098,-2.88306,55.0,EU,GB,GB-ENG,Warton,no,EGNO,WRT,,,https://en.wikipedia.org/wiki/Warton_Aerodrome,
2446,EGNR,medium_airport,Hawarden Airport,53.178101,-2.97778,45.0,EU,GB,GB-WLS,Hawarden,no,EGNR,CEG,,,https://en.wikipedia.org/wiki/Hawarden_Airport,Chester
2447,EGNS,medium_airport,Isle of Man Airport,54.08330154418945,-4.623889923095703,52.0,EU,IM,IM-U-A,Castletown,yes,EGNS,IOM,,http://www.iom-airport.com/,https://en.wikipedia.org/wiki/Isle_of_Man_Airport,"Ronaldsway, Douglas"
2448,EGNT,large_airport,Newcastle Airport,55.03749847412109,-1.6916699409484863,266.0,EU,GB,GB-ENG,Newcastle,yes,EGNT,NCL,,http://www.newcastleairport.com/,https://en.wikipedia.org/wiki/Newcastle_Airport,
2449,EGNV,medium_airport,Durham Tees Valley Airport,54.50920104980469,-1.4294099807739258,120.0,EU,GB,GB-ENG,Durham,yes,EGNV,MME,,http://www.durhamteesvalleyairport.com/,https://en.wikipedia.org/wiki/Durham_Tees_Valley_Airport,Teesside
2450,EGNX,large_airport,East Midlands Airport,52.8311004639,-1.32806003094,306.0,EU,GB,GB-ENG,Nottingham,yes,EGNX,EMA,,http://www.eastmidlandsairport.com/,https://en.wikipedia.org/wiki/East_Midlands_Airport,RAF Castle Donington
2454,EGOV,medium_airport,Anglesey Airport,53.2481002808,-4.53533983231,37.0,EU,GB,GB-WLS,Angelsey,yes,EGOV,VLY,,http://www.angleseyairport.com/,https://en.wikipedia.org/wiki/Anglesey_Airport,"Maes Awyr Môn, RAF Valley"
2456,EGPA,medium_airport,Kirkwall Airport,58.957801818847656,-2.9049999713897705,50.0,EU,GB,GB-SCT,Orkney Islands,yes,EGPA,KOI,,,https://en.wikipedia.org/wiki/Kirkwall_Airport,
2457,EGPB,medium_airport,Sumburgh Airport,59.87889862060547,-1.295560002326965,20.0,EU,GB,GB-SCT,Lerwick,yes,EGPB,LSI,,http://www.hial.co.uk/sumburgh-airport.html,https://en.wikipedia.org/wiki/Sumburgh_Airport,Shetlands
2458,EGPC,medium_airport,Wick Airport,58.45890045166016,-3.09306001663208,126.0,EU,GB,GB-SCT,Wick,yes,EGPC,WIC,,http://www.hial.co.uk/wick-airport.html,https://en.wikipedia.org/wiki/Wick_Airport,
2459,EGPD,medium_airport,Aberdeen Dyce Airport,57.2019,-2.19778,215.0,EU,GB,GB-SCT,Aberdeen,yes,EGPD,ABZ,,http://www.aberdeenairport.com/,https://en.wikipedia.org/wiki/Aberdeen_Airport,
2460,EGPE,medium_airport,Inverness Airport,57.54249954223633,-4.047500133514404,31.0,EU,GB,GB-SCT,Inverness,yes,EGPE,INV,,http://www.hial.co.uk/inverness-airport.html,https://en.wikipedia.org/wiki/Inverness_Airport,
2461,EGPF,large_airport,Glasgow International Airport,55.871899,-4.43306,26.0,EU,GB,GB-SCT,Glasgow,yes,EGPF,GLA,,http://www.glasgowairport.com/,https://en.wikipedia.org/wiki/Glasgow_International_Airport,"Port-adhair Eadar-nàiseanta Ghlaschu, RAF Abbotsinch, RAF Ayr"
2462,EGPH,large_airport,Edinburgh Airport,55.95000076293945,-3.372499942779541,135.0,EU,GB,GB-SCT,Edinburgh,yes,EGPH,EDI,,http://www.edinburghairport.com/,https://en.wikipedia.org/wiki/Edinburgh_Airport,
2463,EGPI,medium_airport,Islay Airport,55.68190002441406,-6.256669998168945,56.0,EU,GB,GB-SCT,Port Ellen,yes,EGPI,ILY,,,https://en.wikipedia.org/wiki/Islay_Airport,Glenegedale
2464,EGPK,medium_airport,Glasgow Prestwick Airport,55.5093994140625,-4.586669921875,65.0,EU,GB,GB-SCT,Glasgow,yes,EGPK,PIK,,http://www.glasgowprestwick.com/,https://en.wikipedia.org/wiki/Glasgow_Prestwick_International_Airport,
2465,EGPL,medium_airport,Benbecula Airport,57.48109817504883,-7.362780094146728,19.0,EU,GB,GB-SCT,Balivanich,yes,EGPL,BEB,,http://www.hial.co.uk/benbecula-airport.html,https://en.wikipedia.org/wiki/Benbecula_Airport,
2466,EGPM,medium_airport,Scatsta Airport,60.43280029296875,-1.2961100339889526,81.0,EU,GB,GB-SCT,Shetland Islands,no,EGPM,SCS,,,https://en.wikipedia.org/wiki/Scatsta_Airport,
2467,EGPN,medium_airport,Dundee Airport,56.45249938964844,-3.025830030441284,17.0,EU,GB,GB-SCT,Dundee,yes,EGPN,DND,,http://www.hial.co.uk/dundee-airport.html,https://en.wikipedia.org/wiki/Dundee_Airport,
2468,EGPO,medium_airport,Stornoway Airport,58.215599060058594,-6.331110000610352,26.0,EU,GB,GB-SCT,Stornoway,yes,EGPO,SYY,,http://www.hial.co.uk/stornoway-airport.html,https://en.wikipedia.org/wiki/Stornoway_Airport,Lewis
29173,EGPR,medium_airport,Barra Airport,57.0228,-7.44306,5.0,EU,GB,GB-SCT,Eoligarry,yes,EGPR,BRR,,http://www.hial.co.uk/barra-airport.html,https://en.wikipedia.org/wiki/Barra_Airport_(Scotland),"Barra Eoligarry Airport, Barra Island"
29175,EGPT,small_airport,Perth/Scone Airport,56.43920135498047,-3.372220039367676,397.0,EU,GB,GB-SCT,Perth,no,EGPT,PSL,,,,
2469,EGPU,medium_airport,Tiree Airport,56.49919891357422,-6.869170188903809,38.0,EU,GB,GB-SCT,Balemartine,yes,EGPU,TRE,,http://www.hial.co.uk/tiree-airport.html,https://en.wikipedia.org/wiki/Tiree_Airport,Inner Hebrides
29176,EGPW,small_airport,Unst Airport,60.74720001220703,-0.8538500070571899,,EU,GB,GB-SCT,Shetland Islands,no,EGPW,UNT,,,,
2470,EGQK,medium_airport,RAF Kinloss,57.6493988037,-3.56064009666,22.0,EU,GB,GB-SCT,Kinloss,no,EGQK,FSS,,,https://en.wikipedia.org/wiki/RAF_Kinloss,
2471,EGQL,medium_airport,RAF Leuchars,56.37289810180664,-2.8684399127960205,38.0,EU,GB,GB-SCT,St. Andrews,no,EGQL,ADX,,,https://en.wikipedia.org/wiki/RAF_Leuchars,
2472,EGQS,medium_airport,RAF Lossiemouth,57.7052001953125,-3.339169979095459,42.0,EU,GB,GB-SCT,Lossiemouth,no,EGQS,LMO,,http://www.raf.mod.uk/raflossiemouth/,https://en.wikipedia.org/wiki/RAF_Lossiemouth,
2473,EGSC,medium_airport,Cambridge Airport,52.205002,0.175,47.0,EU,GB,GB-ENG,Cambridge,no,EGSC,CBG,,http://www.cambridgeairport.com/,https://en.wikipedia.org/wiki/Cambridge_Airport,"Cambridge City,Cambridge"
2475,EGSH,medium_airport,Norwich International Airport,52.6758,1.28278,117.0,EU,GB,GB-ENG,Norwich,yes,EGSH,NWI,,http://www.norwichairport.co.uk/,https://en.wikipedia.org/wiki/Norwich_International_Airport,RAF Horsham St Faith
2476,EGSS,large_airport,London Stansted Airport,51.8849983215,0.234999999404,348.0,EU,GB,GB-ENG,London,yes,EGSS,STN,,http://www.stanstedairport.com/,https://en.wikipedia.org/wiki/London_Stansted_Airport,LON
29196,EGTB,small_airport,Wycombe Air Park,51.6116981506,-0.8083329796790001,515.0,EU,GB,GB-ENG,High Wycombe,no,EGTB,HYC,,,https://en.wikipedia.org/wiki/Wycombe_Air_Park,RAF Booker
2481,EGTE,large_airport,Exeter International Airport,50.73440170288086,-3.4138898849487305,102.0,EU,GB,GB-ENG,Exeter,yes,EGTE,EXT,,http://www.exeter-airport.co.uk/,https://en.wikipedia.org/wiki/Exeter_International_Airport,
2482,EGTG,closed,Bristol Filton Airport,51.5194015503,-2.59083008766,226.0,EU,GB,GB-ENG,Bristol,no,EGTG,FZO,,http://www.bristolfilton.co.uk/,https://en.wikipedia.org/wiki/Bristol_Filton_Airport,RAF Filton
2483,EGTK,medium_airport,Oxford (Kidlington) Airport,51.8368988037,-1.32000005245,270.0,EU,GB,GB-ENG,Kidlington,no,EGTK,OXF,,http://www.oxfordairport.co.uk/,https://en.wikipedia.org/wiki/Oxford_Airport,RAF Kidlington
29200,EGTO,small_airport,Rochester Airport,51.351898193359375,0.5033329725265503,436.0,EU,GB,GB-ENG,Rochester,no,EGTO,RCS,,http://www.rochesterairport.co.uk/,https://en.wikipedia.org/wiki/Rochester_Airport_%28England%29,
30508,EGUA,closed,RAF Upper Heyford,51.9375,-1.2488900423,436.0,EU,GB,GB-ENG,Upper Heyford,no,EGUA,UHF,,,https://en.wikipedia.org/wiki/RAF_Upper_Heyford,
2486,EGUB,medium_airport,RAF Benson,51.6164016724,-1.09582996368,226.0,EU,GB,GB-ENG,Benson,no,EGUB,BEX,,,https://en.wikipedia.org/wiki/RAF_Benson,
2487,EGUL,medium_airport,RAF Lakenheath,52.409302,0.561,32.0,EU,GB,GB-ENG,Lakenheath,no,EGUL,LKZ,,http://www.lakenheath.af.mil/,https://en.wikipedia.org/wiki/RAF_Lakenheath,
2488,EGUN,medium_airport,RAF Mildenhall,52.3619,0.486406,33.0,EU,GB,GB-ENG,Mildenhall,no,EGUN,MHZ,,http://www.mildenhall.af.mil/,https://en.wikipedia.org/wiki/RAF_Mildenhall,
2491,EGUY,medium_airport,RAF Wyton,52.3572006226,-0.107832998037,135.0,EU,GB,GB-ENG,St. Ives,no,EGUY,QUY,,,https://en.wikipedia.org/wiki/RAF_Wyton,
2492,EGVA,medium_airport,RAF Fairford,51.682201,-1.79003,286.0,EU,GB,GB-ENG,Fairford,no,EGVA,FFD,,,https://en.wikipedia.org/wiki/RAF_Fairford,
29204,EGVF,heliport,Fleetlands Heliport,50.8353004456,-1.16917002201,3.0,EU,GB,GB-ENG,Gosport,no,EGVF,PME,,,,
29697,EGVJ,closed,RAF Bentwaters,52.1274986267,1.43472003937,85.0,EU,GB,GB-ENG,Woodbridge,no,EGVJ,BWY,,,https://en.wikipedia.org/wiki/RAF_Bentwaters,
2493,EGVN,medium_airport,RAF Brize Norton,51.75,-1.58362,288.0,EU,GB,GB-ENG,Brize Norton,no,EGVN,BZZ,,http://www.raf.mod.uk/rafbrizenorton/passengers/,https://en.wikipedia.org/wiki/RAF_Brize_Norton,Royal Air Force
2494,EGVO,medium_airport,RAF Odiham,51.2341003418,-0.94282501936,405.0,EU,GB,GB-ENG,Odiham,no,EGVO,ODH,,,https://en.wikipedia.org/wiki/RAF_Odiham,
2496,EGWU,medium_airport,RAF Northolt,51.5530014038,-0.418166995049,124.0,EU,GB,GB-ENG,London,no,EGWU,NHT,,http://www.raf.mod.uk/rafnortholt/,https://en.wikipedia.org/wiki/RAF_Northolt,
29652,EGWZ,closed,RAF Alconbury,52.3744010925,-0.219722002745,157.0,EU,GB,GB-ENG,Huntingdon,no,EGWZ,AYH,,,https://en.wikipedia.org/wiki/RAF_Alconbury,
30597,EGXB,closed,Binbrook Airfield,53.4467010498,-0.209999993443,,EU,GB,GB-ENG,Grimsby,no,EGXB,GSY,,,https://en.wikipedia.org/wiki/RAF_Binbrook,"Waltham, RAF Binbrook"
2497,EGXC,medium_airport,RAF Coningsby,53.0929985046,-0.166014000773,25.0,EU,GB,GB-ENG,Coningsby,no,EGXC,QCY,,http://www.raf.mod.uk/rafconingsby,https://en.wikipedia.org/wiki/RAF_Coningsby,
2501,EGXH,medium_airport,RAF Honington,52.34260177612305,0.7729390263557434,174.0,EU,GB,GB-ENG,Thetford,no,EGXH,BEQ,,,https://en.wikipedia.org/wiki/RAF_Honington,
2502,EGXJ,closed,RAF Cottesmore,52.735699,-0.648769,461.0,EU,GB,GB-ENG,Cottesmore,no,EGXJ,OKH,,http://www.raf.mod.uk/rafcottesmore/,https://en.wikipedia.org/wiki/RAF_Cottesmore,
2503,EGXP,medium_airport,RAF Scampton,53.307800293,-0.550832986832,202.0,EU,GB,GB-ENG,Scampton,no,EGXP,SQZ,,,https://en.wikipedia.org/wiki/RAF_Scampton,
2505,EGXU,medium_airport,RAF Linton-On-Ouse,54.0489006042,-1.2527500391,53.0,EU,GB,GB-ENG,Linton-On-Ouse,no,EGXU,HRT,,,https://en.wikipedia.org/wiki/RAF_Linton-on-Ouse,
2506,EGXW,medium_airport,RAF Waddington,53.1661987305,-0.523810982704,231.0,EU,GB,GB-ENG,Waddington,no,EGXW,WTN,,http://www.raf.mod.uk/rafwaddington,https://en.wikipedia.org/wiki/RAF_Waddington,
29210,EGYC,closed,RAF Coltishall,52.7547,1.35722,66.0,EU,GB,GB-ENG,Norwich,no,EGYC,CLF,,,https://en.wikipedia.org/wiki/RAF_Coltishall,
2511,EGYM,medium_airport,RAF Marham,52.648395,0.550692,75.0,EU,GB,GB-ENG,Marham,no,EGYM,KNF,,http://www.raf.mod.uk/rafmarham/,https://en.wikipedia.org/wiki/RAF_Marham,King's Lynn
2513,EHAM,large_airport,Amsterdam Airport Schiphol,52.308601,4.76389,-11.0,EU,NL,NL-NH,Amsterdam,yes,EHAM,AMS,,http://www.schiphol.nl/,https://en.wikipedia.org/wiki/Amsterdam_Airport_Schiphol,
2515,EHBK,medium_airport,Maastricht Aachen Airport,50.911701,5.77014,375.0,EU,NL,NL-LI,Maastricht,yes,EHBK,MST,,,https://en.wikipedia.org/wiki/Maastricht_Aachen_Airport,
2518,EHEH,large_airport,Eindhoven Airport,51.4500999451,5.37452983856,74.0,EU,NL,NL-NB,Eindhoven,yes,EHEH,EIN,,http://www.eindhovenairport.nl/,https://en.wikipedia.org/wiki/Eindhoven_Airport,Welschap Airport
2519,EHGG,medium_airport,Eelde Airport,53.1197013855,6.57944011688,17.0,EU,NL,NL-DR,Groningen,yes,EHGG,GRQ,,,https://en.wikipedia.org/wiki/Groningen_Airport_Eelde,
2520,EHGR,medium_airport,Gilze Rijen Air Base,51.56740188598633,4.931829929351807,49.0,EU,NL,NL-NB,Breda,no,EHGR,GLZ,,http://www.defensie.nl/luchtmacht/luchtmachtbases/gilze-rijen/,https://en.wikipedia.org/wiki/Gilze-Rijen_Air_Base,
2521,EHKD,medium_airport,De Kooy Airport,52.92340087890625,4.780620098114014,3.0,EU,NL,NL-NH,Den Helder,no,EHKD,DHR,,,https://en.wikipedia.org/wiki/De_Kooy,
2522,EHLE,medium_airport,Lelystad Airport,52.4603,5.52722,-13.0,EU,NL,NL-FL,Lelystad,no,EHLE,LEY,,https://www.lelystadairport.nl/,https://en.wikipedia.org/wiki/Lelystad_Airport,
2523,EHLW,medium_airport,Leeuwarden Air Base,53.22859954833984,5.760560035705566,3.0,EU,NL,NL-FR,Leeuwarden,no,EHLW,LWR,,http://www.defensie.nl/luchtmacht/luchtmachtbases/leeuwarden/,https://en.wikipedia.org/wiki/Leeuwarden_Air_Base,
2524,EHRD,medium_airport,Rotterdam The Hague Airport,51.956902,4.43722,-15.0,EU,NL,NL-ZH,Rotterdam,yes,EHRD,RTM,,,https://en.wikipedia.org/wiki/Rotterdam_Airport,Vliegveld Zestienhoven
2525,EHSB,closed,Soesterberg Air Base,52.1273,5.27619,66.0,EU,NL,NL-UT,Soesterberg,no,EHSB,UTC,,,https://en.wikipedia.org/wiki/Soesterberg_Air_Base,"ACvZ, Amsterdamsche Club voor Zweefvliegen"
2526,EHTW,medium_airport,Twente Airport,52.275833,6.889167,114.0,EU,NL,NL-OV,Enschede,no,EHTW,ENS,,https://www.twente-airport.nl/,https://en.wikipedia.org/wiki/Enschede_Airport_Twente,
2527,EHVB,closed,Valkenburg Naval Air Base,52.1660995483,4.41794013977,1.0,EU,NL,NL-ZH,Leiden,no,EHVB,LID,,,https://en.wikipedia.org/wiki/Valkenburg_Naval_Air_Base,
2529,EHWO,medium_airport,Woensdrecht Air Base,51.4491,4.34203,63.0,EU,NL,NL-NB,Bergen Op Zoom,no,EHWO,WOE,,http://www.defensie.nl/luchtmacht/luchtmachtbases/woensdrecht/,https://en.wikipedia.org/wiki/Woensdrecht_Air_Base,BZM
29214,EIBN,small_airport,Bantry Aerodrome,51.66859817504883,-9.484169960021973,7.0,EU,IE,IE-C,Bantry,no,EIBN,BYT,,,https://en.wikipedia.org/wiki/Bantry_Aerodrome,Beanntraí
29216,EIBT,small_airport,Belmullet Aerodrome,54.2228012085,-10.0307998657,150.0,EU,IE,IE-MO,Belmullet,no,EIBT,BLY,,,https://en.wikipedia.org/wiki/Belmullet_Aerodrome,Béal an Mhuirthead
27309,EICA,small_airport,Connemara Regional Airport,53.23030090332031,-9.467780113220217,70.0,EU,IE,IE-G,Inverin,yes,EICA,NNR,,http://www.aerarannislands.ie/,https://en.wikipedia.org/wiki/Aerfort_na_Minna,"Aerfort na Minna, Indreabhán"
29217,EICB,closed,Castlebar Airport,53.8484,-9.28037,,EU,IE,IE-MO,Castlebar,no,EICB,CLB,,,,"CLB, EICB"
2530,EICK,large_airport,Cork Airport,51.84130096435547,-8.491109848022461,502.0,EU,IE,IE-C,Cork,yes,EICK,ORK,,http://www.corkairport.com/,https://en.wikipedia.org/wiki/Cork_Airport,Aerfort Chorcaí
2531,EICM,medium_airport,Galway Airport,53.300201416015625,-8.941590309143066,81.0,EU,IE,IE-G,Galway,yes,EICM,GWY,,http://www.galwayairport.com/,https://en.wikipedia.org/wiki/Galway_Airport,
2532,EIDL,medium_airport,Donegal Airport,55.0442008972168,-8.340999603271484,30.0,EU,IE,IE-DL,Donegal,yes,EIDL,CFN,,http://www.donegalairport.ie/,https://en.wikipedia.org/wiki/Donegal_Airport,Gweedore
2533,EIDW,large_airport,Dublin Airport,53.421299,-6.27007,242.0,EU,IE,IE-D,Dublin,yes,EIDW,DUB,,http://www.dublinairport.com/,https://en.wikipedia.org/wiki/Dublin_Airport,Aerfort Bhaile Átha Cliath
29221,EIIM,small_airport,Inishmore Aerodrome,53.1067008972168,-9.653610229492188,24.0,EU,IE,IE-G,Inis Mór,yes,EIIM,IOR,,,https://en.wikipedia.org/wiki/Inishmore_Aerodrome,Aran Islands
29222,EIIR,small_airport,Inisheer Aerodrome,53.064701,-9.5109,40.0,EU,IE,IE-G,Inis Oírr,yes,EIIR,INQ,,,https://en.wikipedia.org/wiki/Inisheer_Aerodrome,Aran Islands
29224,EIKK,small_airport,Kilkenny Airport,52.65079879760742,-7.296110153198242,319.0,EU,IE,IE-KK,Kilkenny,no,EIKK,KKY,,http://www.kilkennyflying-glidingclub.com/,https://en.wikipedia.org/wiki/Kilkenny_Airport,EIKL
2534,EIKN,medium_airport,Ireland West Knock Airport,53.910301,-8.81849,665.0,EU,IE,IE-MO,Charlestown,yes,EIKN,NOC,,http://www.irelandwestairport.com/,https://en.wikipedia.org/wiki/Ireland_West_Airport_Knock,Connaught
2535,EIKY,medium_airport,Kerry Airport,52.18090057373047,-9.52377986907959,112.0,EU,IE,IE-KY,Killarney,yes,EIKY,KIR,,http://www.kerryairport.ie/,https://en.wikipedia.org/wiki/Kerry_Airport,
29225,EILT,small_airport,Letterkenny Airfield,54.951302,-7.67283,20.0,EU,IE,IE-DL,Letterkenny,no,EILT,LTR,,,,
29226,EIMN,small_airport,Inishmaan Aerodrome,53.09299850463867,-9.568059921264648,15.0,EU,IE,IE-G,Inis Meáin,yes,EIMN,IIA,,,,Aran Islands
2537,EINN,large_airport,Shannon Airport,52.702,-8.92482,46.0,EU,IE,IE-CE,Shannon,yes,EINN,SNN,,http://www.shannonairport.com/,https://en.wikipedia.org/wiki/Shannon_Airport,
2538,EISG,medium_airport,Sligo Airport,54.280200958252,-8.5992097854614,11.0,EU,IE,IE-SO,Sligo,no,EISG,SXL,,http://www.sligoairport.com/,https://en.wikipedia.org/wiki/Sligo_Airport,
2539,EIWF,medium_airport,Waterford Airport,52.187198638916016,-7.086959838867188,119.0,EU,IE,IE-WD,Waterford,yes,EIWF,WAT,,http://flywaterford.com/,https://en.wikipedia.org/wiki/Waterford_Airport,
2540,EKAH,medium_airport,Aarhus Airport,56.2999992371,10.619000434899998,82.0,EU,DK,DK-82,Aarhus,yes,EKAH,AAR,,http://www.aar.dk/default.asp?id=87,https://en.wikipedia.org/wiki/Aarhus_Airport,
2541,EKBI,large_airport,Billund Airport,55.7402992249,9.15178012848,247.0,EU,DK,DK-83,Billund,yes,EKBI,BLL,,http://www.billund-airport.dk/?sc_lang=en,https://en.wikipedia.org/wiki/Billund_Airport,
2542,EKCH,large_airport,Copenhagen Kastrup Airport,55.617900848389,12.656000137329,17.0,EU,DK,DK-84,Copenhagen,yes,EKCH,CPH,,http://www.cph.dk/en/,https://en.wikipedia.org/wiki/Copenhagen_Airport,"København, Malmö"
2543,EKEB,medium_airport,Esbjerg Airport,55.525902,8.5534,97.0,EU,DK,DK-83,Esbjerg,yes,EKEB,EBJ,,http://www.esbjerg-lufthavn.dk/en/,https://en.wikipedia.org/wiki/Esbjerg_Airport,"offshore, North Sea"
2546,EKKA,medium_airport,Karup Airport,56.29750061035156,9.124629974365234,170.0,EU,DK,DK-82,Karup,yes,EKKA,KRP,,,https://en.wikipedia.org/wiki/Karup_Airport,
2547,EKLS,small_airport,Læsø Airport,57.27719879150391,11.000100135803224,25.0,EU,DK,DK-81,Læsø,no,EKLS,BYR,,,,"Laeso, Laesoe"
2548,EKMB,medium_airport,Lolland Falster Maribo Airport,54.699299,11.4401,16.0,EU,DK,DK-85,Lolland Falster / Maribo,no,EKMB,MRW,,http://www.lollandfalsterairport.dk/,https://en.wikipedia.org/wiki/Lolland_Falster_Airport,
2549,EKOD,medium_airport,Odense Airport,55.47669982910156,10.330900192260742,56.0,EU,DK,DK-83,Odense,yes,EKOD,ODE,,,https://en.wikipedia.org/wiki/Odense_Airport,
2551,EKRK,medium_airport,Copenhagen Roskilde Airport,55.58560180664063,12.131400108337402,146.0,EU,DK,DK-85,Copenhagen,no,EKRK,RKE,,,https://en.wikipedia.org/wiki/Roskilde_Airport,København
2552,EKRN,medium_airport,Bornholm Airport,55.06330108642578,14.759599685668944,52.0,EU,DK,DK-84,Rønne,yes,EKRN,RNN,,http://www.bornholms-lufthavn.dk/en/,https://en.wikipedia.org/wiki/Bornholm_Airport,Roenne
2553,EKSB,medium_airport,Sønderborg Airport,54.96440124511719,9.791729927062988,24.0,EU,DK,DK-83,Sønderborg,yes,EKSB,SGD,,,https://en.wikipedia.org/wiki/S%C3%B8nderborg_Airport,"Sonderborg, Soenderborg"
2554,EKSN,medium_airport,Sindal Airport,57.503502,10.2294,92.0,EU,DK,DK-81,Sindal,yes,EKSN,CNL,,http://www.eksn.dk/,https://en.wikipedia.org/wiki/Sindal_Airport,
2555,EKSP,medium_airport,Skrydstrup Air Base,55.221048,9.26702,141.0,EU,DK,DK-83,Vojens,no,EKSP,SKS,,,https://en.wikipedia.org/wiki/Fighter_Wing_Skrydstrup,
2556,EKSV,medium_airport,Skive Airport,56.550201416015625,9.172980308532717,74.0,EU,DK,DK-82,Skive,no,EKSV,SQW,,,,
2557,EKTS,medium_airport,Thisted Airport,57.06880187988281,8.705220222473145,23.0,EU,DK,DK-81,Thisted,no,EKTS,TED,,,https://en.wikipedia.org/wiki/Thisted_Airport,
2559,EKVG,medium_airport,Vágar Airport,62.063599,-7.27722,280.0,EU,FO,FO-U-A,Vágar,yes,EKVG,FAE,,http://www.floghavn.fo/,https://en.wikipedia.org/wiki/V%C3%A1gar_Airport,Faroes
2561,EKVJ,medium_airport,Stauning Airport,55.9901008605957,8.353910446166992,17.0,EU,DK,DK-82,Skjern / Ringkøbing,no,EKVJ,STA,,,,
2562,EKYT,large_airport,Aalborg Airport,57.0927589138,9.84924316406,10.0,EU,DK,DK-81,Aalborg,yes,EKYT,AAL,,http://www.aal.dk,https://en.wikipedia.org/wiki/Aalborg_Airport,
298431,EK_4,small_airport,Vejrø,55.035,11.375,,EU,DK,DK-85,,no,EK_4,-,-,,,
2563,ELLX,large_airport,Luxembourg-Findel International Airport,49.6233333,6.2044444,1234.0,EU,LU,LU-L,Luxembourg,yes,ELLX,LUX,,http://www.lux-airport.lu/en/,https://en.wikipedia.org/wiki/Luxembourg-Findel_International_Airport,
2564,ENAL,medium_airport,Ålesund Airport,62.5625,6.119699954986572,69.0,EU,NO,NO-15,Ålesund,yes,ENAL,AES,,http://www.avinor.no/lufthavn/alesund,https://en.wikipedia.org/wiki/%C3%85lesund_Airport%2C_Vigra,Vigra
2565,ENAN,medium_airport,Andøya Airport,69.292503356934,16.144199371338,43.0,EU,NO,NO-18,Andenes,yes,ENAN,ANX,,https://avinor.no/en/airport/andoya-airport/,https://en.wikipedia.org/wiki/And%C3%B8ya_Airport%2C_Andenes,
2566,ENAT,medium_airport,Alta Airport,69.976097106934,23.371700286865,9.0,EU,NO,NO-20,Alta,yes,ENAT,ALF,,https://avinor.no/en/airport/alta-airport/,https://en.wikipedia.org/wiki/Alta_Airport,
29254,ENBL,small_airport,Førde Airport,61.391101837158,5.7569398880005,1046.0,EU,NO,NO-14,Førde,yes,ENBL,FDE,,https://avinor.no/en/airport/forde-airport/,https://en.wikipedia.org/wiki/F%C3%B8rde_Airport%2C_Bringeland,bringeland
2568,ENBN,medium_airport,Brønnøysund Airport,65.461097717285,12.217499732971,25.0,EU,NO,NO-18,Brønnøy,yes,ENBN,BNN,,https://avinor.no/en/airport/bronnoysund-airport/,https://en.wikipedia.org/wiki/Br%C3%B8nn%C3%B8ysund_Airport%2C_Br%C3%B8nn%C3%B8y,Bronnoy
2569,ENBO,large_airport,Bodø Airport,67.26920318603516,14.365300178527832,42.0,EU,NO,NO-18,Bodø,yes,ENBO,BOO,,http://www.avinor.no/en/airport/bodo/frontpage,https://en.wikipedia.org/wiki/Bod%C3%B8_Airport,"Bodø Air Force Base, Bodø Main Air Station"
2570,ENBR,large_airport,Bergen Airport Flesland,60.29339981,5.218140125,170.0,EU,NO,NO-12,Bergen,yes,ENBR,BGO,,http://www.avinor.no/en/airport/bergen,https://en.wikipedia.org/wiki/Bergen_Airport%2C_Flesland,
2571,ENBS,medium_airport,Båtsfjord Airport,70.60050201416,29.691400527954,490.0,EU,NO,NO-20,Båtsfjord,yes,ENBS,BJF,,https://avinor.no/en/airport/batsfjord-airport/,https://en.wikipedia.org/wiki/B%C3%A5tsfjord_Airport,
29255,ENBV,medium_airport,Berlevåg Airport,70.871399,29.034201,42.0,EU,NO,NO-20,Berlevåg,yes,ENBV,BVG,,https://avinor.no/en/airport/berlevag-airport/,https://en.wikipedia.org/wiki/Berlev%C3%A5g_Airport,
2572,ENCN,medium_airport,Kristiansand Airport,58.204201,8.08537,57.0,EU,NO,NO-10,Kjevik,yes,ENCN,KRS,,http://www.avinor.no/en/airport/kristiansand,https://en.wikipedia.org/wiki/Kristiansand_Airport%2C_Kjevik,
2573,ENDI,small_airport,Geilo Airport Dagali,60.41730117797852,8.518349647521973,2618.0,EU,NO,NO-06,Dagali,no,ENDI,DLD,,http://www.geilolufthavn.no/,https://en.wikipedia.org/wiki/Geilo_Airport%2C_Dagali,
2574,ENDU,medium_airport,Bardufoss Airport,69.055801391602,18.540399551392,252.0,EU,NO,NO-19,Målselv,yes,ENDU,BDU,,https://avinor.no/en/airport/bardufoss-airport/,https://en.wikipedia.org/wiki/Bardufoss_Airport,
2575,ENEV,medium_airport,"Harstad/Narvik Airport, Evenes",68.491302490234,16.678100585938,84.0,EU,NO,NO-18,Evenes,yes,ENEV,EVE,,https://avinor.no/en/airport/harstadnarvik-airport/,https://en.wikipedia.org/wiki/Harstad/Narvik_Airport%2C_Evenes,"Harstad/Narvik lufthavn, Evenes"
28117,ENFB,closed,"Oslo, Fornebu Airport",59.89580154418945,10.617199897766112,,EU,NO,NO-03,Oslo,no,ENFB,FBU,,,https://en.wikipedia.org/wiki/Oslo_Airport%2C_Fornebu,
2576,ENFG,medium_airport,"Fagernes Airport, Leirin",61.015598,9.28806,2697.0,EU,NO,NO-05,Fagernes,no,ENFG,VDB,,https://avinor.no/en/airport/fagernes-airport/,https://en.wikipedia.org/wiki/Fagernes_Airport%2C_Leirin,
2577,ENFL,medium_airport,Florø Airport,61.583599090576,5.0247201919556,37.0,EU,NO,NO-14,Florø,yes,ENFL,FRO,,https://avinor.no/en/airport/floro-airport/,https://en.wikipedia.org/wiki/Flor%C3%B8_Airport,Floro
2578,ENGM,large_airport,Oslo Gardermoen Airport,60.193901062012,11.100399971008,681.0,EU,NO,NO-02,Oslo,yes,ENGM,OSL,,https://avinor.no/en/airport/oslo-airport,"https://en.wikipedia.org/wiki/Oslo_Airport,_Gardermoen",
29260,ENHA,small_airport,"Hamar Lufthavn, Stavsberg",60.8181,11.068,729.0,EU,NO,NO-04,Hamar,no,ENHA,HMR,,https://hamarlufthavn.no/,https://en.wikipedia.org/wiki/Hamar_Airport%2C_Stafsberg,
2579,ENHD,medium_airport,Haugesund Airport,59.345299,5.20836,86.0,EU,NO,NO-11,Karmøy,yes,ENHD,HAU,,https://flyhau.no/,https://en.wikipedia.org/wiki/Haugesund_Airport%2C_Karm%C3%B8y,Karmoy
28115,ENHF,medium_airport,Hammerfest Airport,70.679702758789,23.668600082397,266.0,EU,NO,NO-20,Hammerfest,yes,ENHF,HFT,,https://avinor.no/en/airport/hammerfest-airport/,https://en.wikipedia.org/wiki/Hammerfest_Airport,
2580,ENHK,small_airport,Hasvik Airport,70.486701965332,22.139699935913,21.0,EU,NO,NO-20,Hasvik,yes,ENHK,HAA,,https://avinor.no/en/airport/hasvik-airport/,https://en.wikipedia.org/wiki/Hasvik_Airport,
29261,ENHV,medium_airport,Valan Airport,71.009696960449,25.983600616455,44.0,EU,NO,NO-20,Honningsvåg,yes,ENHV,HVG,,https://avinor.no/en/airport/honningsvag-airport/,https://en.wikipedia.org/wiki/Valan_Airport,
29262,ENKA,small_airport,Kautokeino Air Base,69.04029846191406,23.03400039672852,1165.0,EU,NO,NO-20,,no,ENKA,QKX,,,,
2581,ENKB,medium_airport,Kristiansund Airport (Kvernberget),63.111801147461,7.824520111084,204.0,EU,NO,NO-15,Kvernberget,yes,ENKB,KSU,,https://avinor.no/en/airport/kristiansund-airport/,https://en.wikipedia.org/wiki/Kristiansund_Airport%2C_Kvernberget,"Kristiansund lufthavn, Kvernberget"
30032,ENKL,small_airport,Gol Airport,60.791066,9.048672,2770.0,EU,NO,NO-06,Klanten flyplass,no,ENKL,GLL,,http://hallingdalflyklubb.no/wordpress/,"https://en.wikipedia.org/wiki/Gol_Airport,_Klanten",
2583,ENKR,medium_airport,Kirkenes Airport (Høybuktmoen),69.725799560547,29.891300201416,283.0,EU,NO,NO-20,Kirkenes,yes,ENKR,KKN,,https://avinor.no/en/airport/kirkenes-airport/,https://en.wikipedia.org/wiki/Kirkenes_Airport%2C_H%C3%B8ybuktmoen,
2584,ENLI,small_airport,Lista Airport,58.0994987487793,6.626049995422363,29.0,EU,NO,NO-10,Farsund,no,ENLI,FAN,,http://www.listalufthavn.no/,"https://en.wikipedia.org/wiki/Farsund_Airport,_Lista","Farsund lufthavn, Lista"
29264,ENLK,medium_airport,Leknes Airport,68.152496337891,13.609399795532,78.0,EU,NO,NO-18,Leknes,yes,ENLK,LKN,,https://avinor.no/en/airport/leknes-airport/,https://en.wikipedia.org/wiki/Leknes_Airport,Leknes lufthavn
29265,ENMH,medium_airport,Mehamn Airport,71.02970123291,27.826700210571,39.0,EU,NO,NO-20,Mehamn,yes,ENMH,MEH,,https://avinor.no/en/airport/mehamn-airport/,https://en.wikipedia.org/wiki/Mehamn_Airport,
2585,ENML,medium_airport,Molde Airport,62.744701385498,7.2624998092651,10.0,EU,NO,NO-15,Årø,yes,ENML,MOL,,https://avinor.no/en/airport/molde-airport/,https://en.wikipedia.org/wiki/Molde_Airport%2C_%C3%85r%C3%B8,Aro
2586,ENMS,medium_airport,Mosjøen Airport (Kjærstad),65.783997,13.2149,237.0,EU,NO,NO-18,Mosjøen,yes,ENMS,MJF,,https://avinor.no/en/airport/mosjoen-airport/,https://en.wikipedia.org/wiki/Mosj%C3%B8en_Airport%2C_Kj%C3%A6rstad,
2587,ENNA,medium_airport,Banak Airport,70.068801879883,24.973499298096,25.0,EU,NO,NO-20,Lakselv,yes,ENNA,LKL,,https://avinor.no/en/airport/lakselv-airport/,https://en.wikipedia.org/wiki/Lakselv_Airport%2C_Banak,North Cape Airport
29266,ENNK,closed,Narvik Framnes Airport,68.436897,17.3867,95.0,EU,NO,NO-18,Narvik,no,ENNK,NVK,,https://avinor.no/en/airport/narvik-airport/,https://en.wikipedia.org/wiki/Narvik_Airport%2C_Framnes,"Narvik lufthavn, Framnes"
29267,ENNM,small_airport,Namsos Høknesøra Airport,64.472198486328,11.57859992981,7.0,EU,NO,NO-17,Namsos,yes,ENNM,OSY,,https://avinor.no/en/airport/namsos-airport/,https://en.wikipedia.org/wiki/Namsos_Airport%2C_H%C3%B8knes%C3%B8ra,"Namsos lufthavn, Høknesøra"
2588,ENNO,medium_airport,Notodden Airport,59.565701,9.21222,63.0,EU,NO,NO-08,Notodden,yes,ENNO,NTB,,http://www.notodden-flyplass.no/,https://en.wikipedia.org/wiki/Notodden_Airport%2C_Tuven,
2589,ENOL,medium_airport,Ørland Airport,63.69889831542969,9.604000091552734,28.0,EU,NO,NO-16,Ørland,yes,ENOL,OLA,,,https://en.wikipedia.org/wiki/Brekstad_Airport%2C_%C3%98rland,Orland
28114,ENOV,medium_airport,"Ørsta-Volda Airport, Hovden",62.180000305176,6.0741000175476,243.0,EU,NO,NO-15,Ørsta,yes,ENOV,HOV,,https://avinor.no/en/airport/orsta-volda-airport/,https://en.wikipedia.org/wiki/%C3%98rsta-Volda_Airport%2C_Hovden,
29277,ENRA,medium_airport,"Mo i Rana Airport, Røssvoll",66.363899230957,14.301400184631,229.0,EU,NO,NO-18,Mo i Rana,yes,ENRA,MQN,,https://avinor.no/en/airport/mo-i-rana-airport/,https://en.wikipedia.org/wiki/Mo_i_Rana_Airport%2C_R%C3%B8ssvoll,
29278,ENRM,medium_airport,"Rørvik Airport, Ryum",64.838302612305,11.14610004425,14.0,EU,NO,NO-17,Rørvik,yes,ENRM,RVK,,https://avinor.no/en/airport/rorvik-airport/,https://en.wikipedia.org/wiki/R%C3%B8rvik_Airport%2C_Ryum,
2591,ENRO,medium_airport,Røros Airport,62.578399658203,11.342300415039,2054.0,EU,NO,NO-16,Røros,yes,ENRO,RRS,,https://avinor.no/en/airport/roros-airport/,https://en.wikipedia.org/wiki/R%C3%B8ros_Airport,Roros
29279,ENRS,small_airport,Røst Airport,67.527801513672,12.103300094604,7.0,EU,NO,NO-18,,yes,ENRS,RET,,https://avinor.no/en/airport/rost-airport/,https://en.wikipedia.org/wiki/R%C3%B8st_Airport,Rost Airport
2592,ENRY,medium_airport,"Moss Airport, Rygge",59.378817,10.785439,174.0,EU,NO,NO-01,Oslo,no,ENRY,RYG,,http://www.en.ryg.no/,https://en.wikipedia.org/wiki/Moss_Airport%2C_Rygge,"Moss lufthavn Rygge, Rygge Air Station"
2593,ENSB,medium_airport,"Svalbard Airport, Longyear",78.246101379395,15.465600013733,88.0,EU,NO,NO-21,Longyearbyen,yes,ENSB,LYR,,https://avinor.no/en/airport/svalbard-airport/,https://en.wikipedia.org/wiki/Svalbard_Airport%2C_Longyear,
29280,ENSD,small_airport,Sandane Airport (Anda),61.830001831055,6.1058301925659,196.0,EU,NO,NO-14,Sandane,yes,ENSD,SDN,,https://avinor.no/en/airport/sandane-airport/,https://en.wikipedia.org/wiki/Sandane_Airport%2C_Anda,
28116,ENSG,small_airport,Sogndal Airport,61.156101,7.13778,1633.0,EU,NO,NO-14,Sogndal,yes,ENSG,SOG,,https://avinor.no/en/airport/sogndal-airport/,"https://en.wikipedia.org/wiki/Sogndal_Airport,_Hauk%C3%A5sen",Haukåsen
29281,ENSH,medium_airport,Svolvær Helle Airport,68.243301391602,14.669199943542,27.0,EU,NO,NO-18,Svolvær,yes,ENSH,SVJ,,https://avinor.no/en/airport/svolvar-airport/,https://en.wikipedia.org/wiki/Svolv%C3%A6r_Airport%2C_Helle,"Svolvær lufthavn, Helle"
29282,ENSK,medium_airport,Stokmarknes Skagen Airport,68.578826904297,15.033416748047,11.0,EU,NO,NO-18,Hadsel,yes,ENSK,SKN,,https://avinor.no/en/airport/stokmarknes-airport/,https://en.wikipedia.org/wiki/Stokmarknes_Airport%2C_Skagen,"Stokmarknes lufthavn, Skagen"
2594,ENSN,medium_airport,Skien Airport,59.185001373291016,9.566940307617188,463.0,EU,NO,NO-08,Geiteryggen,no,ENSN,SKE,,,https://en.wikipedia.org/wiki/Skien_Airport%2C_Geiteryggen,
2595,ENSO,medium_airport,Stord Airport,59.791900634765625,5.340849876403809,160.0,EU,NO,NO-12,Leirvik,yes,ENSO,SRP,,,https://en.wikipedia.org/wiki/Stord_Airport%2C_S%C3%B8rstokken,"Sorstokken, Sørstokken"
2596,ENSR,medium_airport,Sørkjosen Airport,69.786796569824,20.959400177002,16.0,EU,NO,NO-19,Sørkjosen,yes,ENSR,SOJ,,https://avinor.no/en/airport/sorkjosen-airport/,https://en.wikipedia.org/wiki/S%C3%B8rkjosen_Airport,
2597,ENSS,medium_airport,"Vardø Airport, Svartnes",70.355400085449,31.044900894165,42.0,EU,NO,NO-20,Vardø,yes,ENSS,VAW,,https://avinor.no/en/airport/vardo-airport/,https://en.wikipedia.org/wiki/Vard%C3%B8_Airport%2C_Svartnes,
2598,ENST,medium_airport,Sandnessjøen Airport (Stokka),65.956802368164,12.468899726868,56.0,EU,NO,NO-18,Alstahaug,yes,ENST,SSJ,,https://avinor.no/en/airport/sandnessjoen-airport/,https://en.wikipedia.org/wiki/Sandnessj%C3%B8en_Airport%2C_Stokka,
2599,ENTC,large_airport,Tromsø Airport,69.68329620361328,18.91889953613281,31.0,EU,NO,NO-19,Tromsø,yes,ENTC,TOS,,http://www.avinor.no/en/airport/tromso,https://en.wikipedia.org/wiki/Troms%C3%B8_Airport,"Langnes, Tromsøya, Tromso"
2600,ENTO,medium_airport,"Sandefjord Airport, Torp",59.1866989136,10.258600235,286.0,EU,NO,NO-07,Torp,yes,ENTO,TRF,,,https://en.wikipedia.org/wiki/Sandefjord_Airport%2C_Torp,
2601,ENVA,large_airport,Trondheim Airport Værnes,63.4578018,10.9239998,56.0,EU,NO,NO-17,Trondheim,yes,ENVA,TRD,,https://avinor.no/en/airport/trondheim-airport/,https://en.wikipedia.org/wiki/Trondheim_Airport%2C_V%C3%A6rnes,
29284,ENVD,medium_airport,Vadsø Airport,70.065299987793,29.844699859619,127.0,EU,NO,NO-20,Vadsø,yes,ENVD,VDS,,https://avinor.no/en/airport/vadso-airport/,https://en.wikipedia.org/wiki/Vads%C3%B8_Airport,
35127,ENVR,heliport,Værøy Heliport,67.654555,12.727257,12.0,EU,NO,NO-18,Værøy,yes,ENVR,VRY,,https://avinor.no/en/airport/varoy-heliport/,https://en.wikipedia.org/wiki/V%C3%A6r%C3%B8y_Heliport,Værøy STOLport
2602,ENZV,large_airport,Stavanger Airport Sola,58.876701354,5.6377801895,29.0,EU,NO,NO-11,Stavanger,yes,ENZV,SVG,,http://www.avinor.no/en/airport/stavanger/,"https://en.wikipedia.org/wiki/Stavanger_Airport,_Sola","Sola Air Station, Stavanger lufthavn, Sola"
31012,EPBP,medium_airport,Biała Podlaska Airfield,52.00078,23.1325278,485.0,EU,PL,PL-LU,Biała Podlaska,no,EPBP,BXP,,,https://en.wikipedia.org/wiki/Bia%C5%82a_Podlaska_Airport,Biała Podlaska Air Base
2604,EPBY,large_airport,Bydgoszcz Ignacy Jan Paderewski Airport,53.096802,17.977699,235.0,EU,PL,PL-KP,Bydgoszcz,yes,EPBY,BZG,,http://www.plb.pl/,https://en.wikipedia.org/wiki/Bydgoszcz_Ignacy_Jan_Paderewski_Airport,"Szwederowo, Bromberg"
2606,EPCH,small_airport,Częstochowa-Rudniki,50.884998,19.2047,860.0,EU,PL,PL-SL,Częstochowa,no,EPRU,CZW,,,,
2608,EPGD,large_airport,Gdańsk Lech Wałęsa Airport,54.37760162353516,18.46619987487793,489.0,EU,PL,PL-PM,Gdańsk,yes,EPGD,GDN,,http://www.airport.gdansk.pl/,https://en.wikipedia.org/wiki/Gda%C5%84sk_Lech_Wa%C5%82%C4%99sa_Airport,Gdańsk-Rębiechowo
2609,EPKK,large_airport,Kraków John Paul II International Airport,50.077702,19.7848,791.0,EU,PL,PL-MA,Kraków,yes,EPKK,KRK,,http://www.krakowairport.pl/en/,https://en.wikipedia.org/wiki/Kraków_John_Paul_II_International_Airport,Krakov
30042,EPKO,closed,Koszalin Zegrze Pomorskie,54.0425,16.2656,249.0,EU,PL,PL-ZP,Zegrze Pomorskie,no,EPKZ,OSZ,,,,
2613,EPKT,large_airport,Katowice International Airport,50.4743,19.08,995.0,EU,PL,PL-SL,Katowice,yes,EPKT,KTW,,http://katowice.airport.com,https://en.wikipedia.org/wiki/Katowice_International_Airport,"Pyrzowice, Dąbrowa Górnicza, Katowice, Silesia, GOP, Silesia Metropolis, Gliwice, Piekary Śląskie, Bytom, Zabrze, Sosnowiec"
44738,EPKW,small_airport,Bielsko-Bialo Kaniow Airfield,49.9399986267,19.0219993591,1316.0,EU,PL,PL-SL,Czechowice-Dziedzice,no,EPKW,QEO,,http://www.parklotniczy.pl/,,"Czechowice-Dziedzice Airfield, Lotnisko Bielsko-Biała Kaniów"
2616,EPLL,medium_airport,Łódź Władysław Reymont Airport,51.7219009399,19.3980998993,604.0,EU,PL,PL-LD,Łódź,yes,EPLL,LCJ,,,https://en.wikipedia.org/wiki/%C5%81%C3%B3d%C5%BA_W%C5%82adys%C5%82aw_Reymont_Airport,Lublinek
2622,EPMO,medium_airport,Modlin Airport,52.451099,20.6518,341.0,EU,PL,PL-MZ,Warsaw,yes,EPMO,WMI,,http://modlinairport.pl/,https://en.wikipedia.org/wiki/Warsaw_Modlin_Airport,Nowy Dwor Mazowiecki
2623,EPOK,medium_airport,Oksywie Military Air Base,54.57970047,18.51720047,144.0,EU,PL,PL-PM,Gdynia,no,EPOK,QYD,,,https://en.wikipedia.org/wiki/Gdynia-Kosakowo_Airport,"Oksywie Airport, Gdynia-Oksywie, Gdynia-Babie Doły, Gdynia-Kosakowo Airport"
2625,EPPO,large_airport,Poznań-Ławica Airport,52.4210014343,16.8262996674,308.0,EU,PL,PL-WP,Poznań,yes,EPPO,POZ,,http://www.airport-poznan.com.pl/en/,https://en.wikipedia.org/wiki/Pozna%C5%84-%C5%81awica_Airport,
2628,EPRA,medium_airport,Radom Airport,51.3891983032,21.213300705,610.0,EU,PL,PL-MZ,Radom,yes,EPRA,RDO,,http://lotnisko-radom.eu/pl/,https://en.wikipedia.org/wiki/Radom_Airport,"Radom Military Air Base, Radom-Sadków Airport"
2629,EPRZ,medium_airport,Rzeszów-Jasionka Airport,50.110001,22.018999,693.0,EU,PL,PL-PK,Rzeszów,yes,EPRZ,RZE,,https://www.rzeszowairport.pl,https://en.wikipedia.org/wiki/Rzesz%C3%B3w-Jasionka_Airport,
2630,EPSC,large_airport,"Szczecin-Goleniów ""Solidarność"" Airport",53.584702,14.9022,154.0,EU,PL,PL-ZP,Goleniow,yes,EPSC,SZZ,,http://www.airport.com.pl/en/index.php,https://en.wikipedia.org/wiki/Szczecin-Goleni%C3%B3w_%22Solidarno%C5%9B%C4%87%22_Airport,
2632,EPSK,closed,Redzikowo Air Base,54.47890090942383,17.107500076293945,217.0,EU,PL,PL-PM,,no,EPSK,OSP,,,,
2635,EPSY,medium_airport,Olsztyn-Mazury Airport,53.481899,20.9377,463.0,EU,PL,PL-WN,Olsztyn,yes,EPSY,SZY,,http://mazuryairport.pl/,https://en.wikipedia.org/wiki/Olsztyn-Mazury_Airport,
2637,EPWA,large_airport,Warsaw Chopin Airport,52.1656990051,20.9671001434,362.0,EU,PL,PL-MZ,Warsaw,yes,EPWA,WAW,,http://www.lotnisko-chopina.pl/?lang=en,https://en.wikipedia.org/wiki/Warsaw_Frederic_Chopin_Airport,Okęcie
2638,EPWR,large_airport,Copernicus Wrocław Airport,51.1026992798,16.885799408,404.0,EU,PL,PL-DS,Wrocław,yes,EPWR,WRO,,http://www.airport.wroclaw.pl/en/index.php,https://en.wikipedia.org/wiki/Copernicus_Airport_Wroc%C5%82aw,"Strachowice, Breslau"
2639,EPZG,medium_airport,Zielona Góra-Babimost Airport,52.1385002136,15.7986001968,194.0,EU,PL,PL-LB,Babimost,yes,EPZG,IEG,,http://www.lotnisko.zielonagora.pl/,https://en.wikipedia.org/wiki/Zielona_G%C3%B3ra_Airport,
2646,ESDF,medium_airport,Ronneby Airport,56.266701,15.265,191.0,EU,SE,SE-K,Ronneby,yes,ESDF,RNB,,https://www.swedavia.com/ronneby/,https://en.wikipedia.org/wiki/Ronneby_Airport,
2648,ESGG,large_airport,Gothenburg-Landvetter Airport,57.662799835205,12.279800415039,506.0,EU,SE,SE-Q,Gothenburg,yes,ESGG,GOT,,https://www.swedavia.com/landvetter/,https://en.wikipedia.org/wiki/Gothenburg-Landvetter_Airport,Göteborg-Landvetter
2649,ESGJ,medium_airport,Jönköping Airport,57.757598876953125,14.068699836730955,741.0,EU,SE,SE-F,Jönköping,yes,ESGJ,JKG,,http://www.lfv.se/templates/LFV_AirportStartPage____1672.aspx,https://en.wikipedia.org/wiki/J%C3%B6nk%C3%B6ping_Airport,
2651,ESGL,small_airport,Lidköping-Hovby Airport,58.4655,13.1744,200.0,EU,SE,SE-Q,Lidköping,no,ESGL,LDK,,http://www.lidkopingairport.com/,https://en.wikipedia.org/wiki/Lidk%C3%B6ping-Hovby_Airport,
2652,ESGP,medium_airport,Gothenburg City Airport,57.7747,11.8704,59.0,EU,SE,SE-Q,Gothenburg,no,ESGP,GSE,,https://www.saveflygplats.com/,https://en.wikipedia.org/wiki/Gothenburg_City_Airport,"Säve Airport, Göteborg City Airport"
2653,ESGR,medium_airport,Skövde Airport,58.45640182495117,13.972700119018556,324.0,EU,SE,SE-Q,Skövde,no,ESGR,KVB,,,,
2654,ESGT,medium_airport,Trollhättan-Vänersborg Airport,58.31809997558594,12.345000267028809,137.0,EU,SE,SE-Q,Trollhättan,yes,ESGT,THN,,,https://en.wikipedia.org/wiki/Trollh%C3%A4ttan-V%C3%A4nersborg_Airport,
2658,ESKK,medium_airport,Karlskoga Airport,59.34590148925781,14.49590015411377,400.0,EU,SE,SE-T,,no,ESKK,KSK,,,,
2659,ESKM,medium_airport,Mora Airport,60.957901,14.5114,634.0,EU,SE,SE-W,Mora,yes,ESKM,MXX,,,https://en.wikipedia.org/wiki/Mora-Siljan_Airport,
2660,ESKN,medium_airport,Stockholm Skavsta Airport,58.788601,16.912201,140.0,EU,SE,SE-D,Stockholm,yes,ESKN,NYO,,,https://en.wikipedia.org/wiki/Stockholm-Skavsta_Airport,
2664,ESMK,medium_airport,Kristianstad Airport,55.92169952392578,14.08549976348877,76.0,EU,SE,SE-M,Kristianstad,yes,ESMK,KID,,,https://en.wikipedia.org/wiki/Kristianstad_Airport,
2666,ESMO,small_airport,Oskarshamn Airport,57.350498,16.497999,96.0,EU,SE,SE-H,,no,ESMO,OSK,,,https://en.wikipedia.org/wiki/Oskarshamn_Airport,
2668,ESMQ,medium_airport,Kalmar Airport,56.685501,16.2876,17.0,EU,SE,SE-H,Kalmar,yes,ESMQ,KLR,,,https://en.wikipedia.org/wiki/Kalmar_Airport,
2669,ESMS,large_airport,Malmö Sturup Airport,55.536305364,13.3761978149,236.0,EU,SE,SE-M,Malmö,yes,ESMS,MMX,,http://www.swedavia.com/malmo/,https://en.wikipedia.org/wiki/Malm%C3%B6_Airport,
2670,ESMT,medium_airport,Halmstad Airport,56.69110107421875,12.820199966430664,101.0,EU,SE,SE-N,Halmstad,yes,ESMT,HAD,,,https://en.wikipedia.org/wiki/Halmstad_Airport,
2672,ESMX,medium_airport,Växjö Kronoberg Airport,56.92910003662109,14.727999687194824,610.0,EU,SE,SE-G,Växjö,yes,ESMX,VXO,,,https://en.wikipedia.org/wiki/V%C3%A4xj%C3%B6_Airport,
2675,ESND,medium_airport,Sveg Airport,62.047798,14.4229,1178.0,EU,SE,SE-Z,Sveg,yes,ESND,EVG,,,https://en.wikipedia.org/wiki/Sveg_Airport,
2676,ESNG,medium_airport,Gällivare Airport,67.13240051269531,20.814599990844727,1027.0,EU,SE,SE-BD,Gällivare,yes,ESNG,GEV,,,https://en.wikipedia.org/wiki/G%C3%A4llivare_Airport,
2677,ESNH,closed,Hudiksvall Airport,61.7681007385,17.0806999207,95.0,EU,SE,SE-X,Hudiksvall,no,ESNH,HUV,,,,
2679,ESNK,medium_airport,Kramfors-Sollefteå Höga Kusten Airport,63.048599,17.7689,34.0,EU,SE,SE-Y,Nyland,yes,ESNK,KRF,,,https://en.wikipedia.org/wiki/Kramfors_Airport,
2680,ESNL,medium_airport,Lycksele Airport,64.548302,18.7162,705.0,EU,SE,SE-AC,Lycksele,yes,ESNL,LYC,,,https://en.wikipedia.org/wiki/Lycksele_Airport,
2682,ESNN,medium_airport,Sundsvall-Härnösand Airport,62.528099060058594,17.443899154663086,16.0,EU,SE,SE-Y,Sundsvall/ Härnösand,yes,ESNN,SDL,,,https://en.wikipedia.org/wiki/Sundsvall-H%C3%A4rn%C3%B6sand_Airport,
2683,ESNO,medium_airport,Örnsköldsvik Airport,63.40829849243164,18.989999771118164,354.0,EU,SE,SE-Y,Örnsköldsvik,yes,ESNO,OER,,,https://en.wikipedia.org/wiki/%C3%96rnsk%C3%B6ldsvik_Airport,
2685,ESNQ,medium_airport,Kiruna Airport,67.821998596191,20.336799621582,1508.0,EU,SE,SE-BD,Kiruna,yes,ESNQ,KRN,,https://www.swedavia.com/kiruna/,https://en.wikipedia.org/wiki/Kiruna_Airport,
2687,ESNS,medium_airport,Skellefteå Airport,64.62480163574219,21.07690048217773,157.0,EU,SE,SE-AC,Skellefteå,yes,ESNS,SFT,,,https://en.wikipedia.org/wiki/Skellefte%C3%A5_Airport,
2689,ESNU,medium_airport,Umeå Airport,63.791801452637,20.282800674438,24.0,EU,SE,SE-AC,Umeå,yes,ESNU,UME,,https://www.swedavia.com/umea/,https://en.wikipedia.org/wiki/Ume%C3%A5_Airport,
2690,ESNV,medium_airport,Vilhelmina South Lapland Airport,64.579102,16.833599,1140.0,EU,SE,SE-AC,Vilhelmina,yes,ESNV,VHM,,,https://en.wikipedia.org/wiki/Vilhelmina_Airport,
2691,ESNX,medium_airport,Arvidsjaur Airport,65.59030151367188,19.28190040588379,1245.0,EU,SE,SE-BD,Arvidsjaur,yes,ESNX,AJR,,,https://en.wikipedia.org/wiki/Arvidsjaur_Airport,
2692,ESNY,medium_airport,Söderhamn Airport,61.26150131225586,17.09910011291504,88.0,EU,SE,SE-X,Söderhamn,no,ESNY,SOO,,,,
29358,ESNZ,medium_airport,Åre Östersund Airport,63.194400787354,14.50030040741,1233.0,EU,SE,SE-Z,Östersund,yes,ESNZ,OSD,,https://www.swedavia.com/ostersund/,https://en.wikipedia.org/wiki/%C3%85re_%C3%96stersund_Airport,"F4 Frösön Air Base, ESPC"
2693,ESOE,medium_airport,Örebro Airport,59.22370147705078,15.038000106811523,188.0,EU,SE,SE-T,Örebro,yes,ESOE,ORB,,,https://en.wikipedia.org/wiki/%C3%96rebro_Airport,
2694,ESOH,medium_airport,Hagfors Airport,60.0201,13.5789,474.0,EU,SE,SE-S,Råda,yes,ESOH,HFS,,,https://en.wikipedia.org/wiki/Hagfors_Airport,
2695,ESOK,medium_airport,Karlstad Airport,59.4446983337,13.3374004364,352.0,EU,SE,SE-S,Karlstad,yes,ESOK,KSD,,,https://en.wikipedia.org/wiki/Karlstad_Airport,
2696,ESOW,medium_airport,Stockholm Västerås Airport,59.58940124511719,16.63360023498535,21.0,EU,SE,SE-U,Stockholm / Västerås,yes,ESOW,VST,,,https://en.wikipedia.org/wiki/Stockholm-V%C3%A4ster%C3%A5s_Airport,
2697,ESPA,large_airport,Luleå Airport,65.543800354004,22.121999740601,65.0,EU,SE,SE-BD,Luleå,yes,ESPA,LLA,,https://www.swedavia.com/lulea/,https://en.wikipedia.org/wiki/Lule%C3%A5_Airport,Kallax Air Base
2701,ESSA,large_airport,Stockholm-Arlanda Airport,59.651901245117,17.918600082397,137.0,EU,SE,SE-AB,Stockholm,yes,ESSA,ARN,,http://www.swedavia.se/arlanda/,https://en.wikipedia.org/wiki/Stockholm-Arlanda_Airport,
2702,ESSB,medium_airport,Stockholm-Bromma Airport,59.354400634765625,17.941699981689453,47.0,EU,SE,SE-AB,Stockholm,yes,ESSB,BMA,,,https://en.wikipedia.org/wiki/Stockholm-Bromma_Airport,
2703,ESSD,medium_airport,Dala Airport,60.422001,15.5152,503.0,EU,SE,SE-W,Borlange,yes,ESSD,BLE,,https://www.dalaflyget.se/,https://en.wikipedia.org/wiki/Borl%C3%A4nge_Airport,
2704,ESSF,small_airport,Hultsfred Airport,57.525799,15.8233,366.0,EU,SE,SE-H,,no,ESSF,HLF,,http://www.hultsfredairport.se/,https://en.wikipedia.org/wiki/Hultsfred_Airport,
2705,ESSK,medium_airport,Gävle Sandviken Airport,60.593299865722656,16.951400756835938,224.0,EU,SE,SE-X,Gävle / Sandviken,no,ESSK,GVX,,,,
2706,ESSL,medium_airport,Linköping City Airport,58.4062004089,15.6805000305,172.0,EU,SE,SE-E,Linköping,yes,ESSL,LPI,,http://www.linkopingsflygplats.se/,https://en.wikipedia.org/wiki/Link%C3%B6ping_SAAB_Airport,
2707,ESSP,medium_airport,Norrköping Airport,58.58629989624024,16.250600814819336,32.0,EU,SE,SE-E,Norrköping,yes,ESSP,NRK,,,https://en.wikipedia.org/wiki/Norrk%C3%B6ping_Airport,Kungsangen
2708,ESST,medium_airport,Torsby Airport,60.1576,12.9913,393.0,EU,SE,SE-S,Torsby,yes,ESST,TYF,,http://www.torsbyflygplats.se,https://en.wikipedia.org/wiki/Torsby_Airport,
2709,ESSU,medium_airport,Eskilstuna Airport,59.35110092163086,16.70840072631836,139.0,EU,SE,SE-D,Eskilstuna,no,ESSU,EKT,,,,
2710,ESSV,medium_airport,Visby Airport,57.662799835205,18.346200942993,164.0,EU,SE,SE-I,Visby,yes,ESSV,VBY,,https://www.swedavia.com/visby/,https://en.wikipedia.org/wiki/Visby_Airport,
29369,ESSW,small_airport,Västervik Airport,57.77999877929688,16.52359962463379,,EU,SE,SE-H,Västervik,no,ESSW,VVK,,,,
2711,ESTA,medium_airport,Ängelholm-Helsingborg Airport,56.29610061645508,12.847100257873535,68.0,EU,SE,SE-M,Ängelholm,yes,ESTA,AGH,,http://www.lfv.se/templates/LFV_AirportStartPage____4777.aspx,https://en.wikipedia.org/wiki/%C3%84ngelholm-Helsingborg_Airport,"ESDB, Ängelholm Air Base"
2713,ESUD,medium_airport,Storuman Airport,64.960899,17.6966,915.0,EU,SE,SE-AC,Storuman,yes,ESUD,SQO,,,https://en.wikipedia.org/wiki/Storuman_Airport,
29375,ESUE,small_airport,Idre Airport,61.86970138549805,12.68939971923828,,EU,SE,SE-W,Idre,no,ESUE,IDB,,,,
2715,ESUP,medium_airport,Pajala Airport,67.24559783935547,23.06889915466309,542.0,EU,SE,SE-BD,,no,ESUP,PJA,,,https://en.wikipedia.org/wiki/Pajala_Airport,
2716,ESUT,medium_airport,Hemavan Airport,65.806099,15.0828,1503.0,EU,SE,SE-AC,Hemavan,yes,ESUT,HMV,,,https://en.wikipedia.org/wiki/Hemavan_Airport,
2717,ETAD,medium_airport,Spangdahlem Air Base,49.9726982117,6.69250011444,1197.0,EU,DE,DE-RP,Trier,no,ETAD,SPM,,http://www.spangdahlem.af.mil/,https://en.wikipedia.org/wiki/Spangdahlem_Air_Base,
2718,ETAR,medium_airport,Ramstein Air Base,49.436901,7.60028,776.0,EU,DE,DE-RP,Ramstein,no,ETAR,RMS,,http://www.ramstein.af.mil/,https://en.wikipedia.org/wiki/Ramstein_Air_Base,Landstuhl Air Base
314608,ETAS,closed,Sembach Air Base,49.507,7.866,1050.0,EU,DE,DE-RP,Sembach,no,ETAS,SEX,,,https://en.wikipedia.org/wiki/Sembach_Kaserne,
2724,ETHF,medium_airport,Fritzlar Army Airfield,51.1146,9.286,1345.0,EU,DE,DE-HE,Fritzlar,no,ETHF,FRZ,,,,Heeresflugplatz Fritzlar
29972,ETIK,heliport,Illesheim Air Base,49.4738998413,10.3880996704,1079.0,EU,DE,DE-BY,Storck Barracks,no,ETIK,ILH,,,https://en.wikipedia.org/wiki/Storck_Barracks,
2733,ETIN,small_airport,Flugplatz Kitzingen,49.743099,10.2006,689.0,EU,DE,DE-BY,Kitzingen,no,EDGY,KZG,,https://www.flugplatz-kitzingen.de/,https://en.wikipedia.org/wiki/Kitzingen_Airport,"ETIN, EDIN, Kitzingen AAF"
2734,ETMN,medium_airport,Nordholz Naval Airbase,53.7677001953,8.658499717709999,74.0,EU,DE,DE-NI,Cuxhaven,no,ETMN,FCN,,,https://en.wikipedia.org/wiki/Nordholz_Naval_Airbase,Fliegerhorst Nordholz
2736,ETNG,medium_airport,Geilenkirchen Air Base,50.9608,6.04242,296.0,EU,DE,DE-NW,,no,ETNG,GKE,,,,
2739,ETNL,medium_airport,Rostock-Laage Airport,53.9182014465,12.2783002853,138.0,EU,DE,DE-MV,Rostock,yes,ETNL,RLG,,,https://en.wikipedia.org/wiki/Rostock-Laage_Airport,
2741,ETNS,medium_airport,Schleswig Air Base,54.459301,9.51633,70.0,EU,DE,DE-SH,Jagel,no,ETNS,WBG,,,,
2747,ETOU,medium_airport,Wiesbaden Army Airfield,50.049800872802734,8.325400352478027,461.0,EU,DE,DE-HE,Wiesbaden,no,ETOU,WIE,,,https://en.wikipedia.org/wiki/Wiesbaden_Army_Airfield,
2751,ETSF,closed,Fürstenfeldbruck Air Base,48.205555,11.266944,1703.0,EU,DE,DE-BY,Fürstenfeldbruck,no,ETSF,FEL,,,https://en.wikipedia.org/wiki/F%C3%BCrstenfeldbruck_Air_Base,
2753,ETSI,medium_airport,Ingolstadt Manching Airport,48.7156982421875,11.534000396728516,1202.0,EU,DE,DE-BY,Manching,no,ETSI,IGS,,,https://en.wikipedia.org/wiki/Ingolstadt_Manching_Airport,
2756,ETUO,closed,Gütersloh Air Base,51.922798,8.30633,236.0,EU,DE,DE-NW,Gütersloh,no,ETUO,GUT,,,https://en.wikipedia.org/wiki/RAF_G%C3%BCtersloh,"RAF Gütersloh, Princess Royal Barracks Gütersloh"
44006,EVDA,medium_airport,Daugavpils Intrenational Airport,55.9447212219,26.6650009155,398.0,EU,LV,LV-DA,Daugavpils,no,EVDA,DGP,,,https://en.wikipedia.org/wiki/Daugavpils_International_Airport,
2757,EVLA,medium_airport,Liepāja International Airport,56.51750183105469,21.096900939941406,16.0,EU,LV,LV-LE,Liepāja,yes,EVLA,LPX,,http://www.liepaja-airport.lv/,https://en.wikipedia.org/wiki/Liep%C4%81ja_International_Airport,
2758,EVRA,large_airport,Riga International Airport,56.92359924316406,23.971099853515625,36.0,EU,LV,LV-RIX,Riga,yes,EVRA,RIX,,http://www.riga-airport.com/,https://en.wikipedia.org/wiki/Riga_International_Airport,
2759,EVVA,medium_airport,Ventspils International Airport,57.35779953,21.5442008972,19.0,EU,LV,LV-VEN,Ventspils,yes,EVVA,VNT,,http://www.airport.ventspils.lv/,https://en.wikipedia.org/wiki/Ventspils_International_Airport,
312885,EWY,closed,RAF Greenham Common,51.379,-1.281,400.0,EU,GB,GB-ENG,Berkshire,no,EGVI,EWY,,,https://en.wikipedia.org/wiki/RAF_Greenham_Common,
2760,EYKA,medium_airport,Kaunas International Airport,54.96390151977539,24.084800720214844,256.0,EU,LT,LT-KU,Kaunas,yes,EYKA,KUN,,http://www.kaunasair.lt/index.php?lang=2&m=2&p=210,https://en.wikipedia.org/wiki/Kaunas_Airport,Kauno tarptautinis Oro Uostas
2762,EYPA,medium_airport,Palanga International Airport,55.97320175170898,21.093900680541992,33.0,EU,LT,LT-KL,Palanga,yes,EYPA,PLQ,,http://www.palanga-airport.lt/,https://en.wikipedia.org/wiki/Palanga_International_Airport,
2763,EYPP,medium_airport,Panevėžys Air Base,55.729400634765625,24.46080017089844,197.0,EU,LT,LT-PN,Panevėžys,no,EYPP,PNV,,,https://en.wikipedia.org/wiki/Panev%C4%97%C5%BEys_Air_Base,"Pajuostis, Tulpė"
2764,EYSA,medium_airport,Šiauliai International Airport,55.89390182495117,23.395000457763672,443.0,EU,LT,LT-SA,Šiauliai,no,EYSA,SQQ,,http://www.airport.siauliai.lt/,https://en.wikipedia.org/wiki/%C5%A0iauliai_International_Airport,"Zokniai Airport, Zoknių oro uostas"
2766,EYVI,large_airport,Vilnius International Airport,54.634102,25.285801,648.0,EU,LT,LT-VL,Vilnius,yes,EYVI,VNO,,http://www.vilnius-airport.lt/en/,https://en.wikipedia.org/wiki/Vilnius_International_Airport,
300713,FEA,small_airport,Fetlar Airport,60.6033333333,-0.872777777778,263.0,EU,GB,GB-SCT,Fetlar Island,no,,FEA,,,,
35155,FR-JCA,heliport,Croisette Heliport,43.5359992980957,7.037360191345215,,EU,FR,FR-PAC,Cannes,yes,,JCA,,,,Palm Beach
307572,GB-0070,closed,Hoy/Longhope Airfield,58.791779,-3.216076,30.0,EU,GB,GB-SCT,Orkney Isle,no,,HOY,,,,
30935,GB-DOC,small_airport,Dornoch Airfield,57.868999,-4.023,1.0,EU,GB,GB-SCT,Dornoch,no,EGZJ,DOC,,http://www.dornochairfield.com/,,EG08
31147,GB-FLH,small_airport,Flotta Isle Airport,58.825801849365,-3.1427800655365,50.0,EU,GB,GB-SCT,Flotta Isle,no,EGZR,FLH,,,,
31199,GB-FOA,small_airport,Foula Airfield,60.121725,-2.053202,150.0,EU,GB,GB-SCT,Foula,yes,EGFO,FOA,,,https://en.wikipedia.org/wiki/Foula_Airfield,
35156,GB-OUK,medium_airport,Outer Skerries Airport,60.4252,-0.75,76.0,EU,GB,GB-SCT,Grunay Island,yes,EGOU,OUK,,,,"Out Skerries, Housay, Bruray, Grunay"
32175,GB-PSV,small_airport,Papa Stour Airport,60.321701,-1.69306,,EU,GB,GB-SCT,Papa Stour Island,yes,EGSZ,PSV,,,,
3077,GCFV,large_airport,Fuerteventura Airport,28.4527,-13.8638,85.0,EU,ES,ES-CN,Fuerteventura Island,yes,GCFV,FUE,,,https://en.wikipedia.org/wiki/El_Matorral_Airport,
3078,GCGM,small_airport,La Gomera Airport,28.029600143432617,-17.214599609375,716.0,EU,ES,ES-CN,"Alajero, La Gomera Island",yes,GCGM,GMZ,,,,
3079,GCHI,medium_airport,Hierro Airport,27.81480026245117,-17.887100219726562,103.0,EU,ES,ES-CN,El Hierro Island,yes,GCHI,VDE,,,https://en.wikipedia.org/wiki/El_Hierro_Airport,
3080,GCLA,medium_airport,La Palma Airport,28.626499,-17.7556,107.0,EU,ES,ES-CN,"Sta Cruz de la Palma, La Palma Island",yes,GCLA,SPC,,,https://en.wikipedia.org/wiki/La_Palma_Airport,
3081,GCLP,large_airport,Gran Canaria Airport,27.931900024414062,-15.38659954071045,78.0,EU,ES,ES-CN,Gran Canaria Island,yes,GCLP,LPA,,http://www.aena.es/csee/Satellite?pagename=subHome&Language=EN_GB&c=Page&SiteName=LPA&cid=1048858940184,https://en.wikipedia.org/wiki/Gran_Canaria_Airport,"Canary Islands, Las Palmas Airport, Gando Airport"
3082,GCRR,large_airport,Lanzarote Airport,28.945499,-13.6052,46.0,EU,ES,ES-CN,Lanzarote Island,yes,GCRR,ACE,,http://www.aena.es/en/lanzarote-airport/index.html,https://en.wikipedia.org/wiki/Lanzarote_Airport,Arrecife Airport
3083,GCTS,large_airport,Tenerife South Airport,28.0445,-16.5725,209.0,EU,ES,ES-CN,Tenerife,yes,GCTS,TFS,,,https://en.wikipedia.org/wiki/Tenerife_South_Airport,"Canary Islands, Reina Sofía, TCI"
3084,GCXO,large_airport,Tenerife Norte Airport,28.4827,-16.341499,2076.0,EU,ES,ES-CN,Tenerife,yes,GCXO,TFN,,,https://en.wikipedia.org/wiki/Los_Rodeos_Airport,"Canary Islands, Los Rodeos, TCI"
35151,GECE,heliport,Ceuta Heliport,35.892657,-5.306321,8.0,EU,ES,ES-CE,Ceuta,yes,GECE,JCU,,http://www.aena.es/csee/Satellite?cid=1075113413724&pagename=subHome&Language=EN_GB&SiteName=JCU&c=Page,https://en.wikipedia.org/wiki/Ceuta_Heliport,GECT
3093,GEML,medium_airport,Melilla Airport,35.279800415,-2.9562599659,156.0,EU,ES,ES-ML,Melilla,yes,GEML,MLN,,,https://en.wikipedia.org/wiki/Melilla_Airport,
332662,GNE,closed,Sint-Denijs-Westrem Airport,51.025956,3.688231,30.0,EU,BE,BE-VOV,,no,EBGT,GNE,,,https://nl.wikipedia.org/wiki/Vliegveld_Sint-Denijs-Westrem,
34923,GWW,closed,Gatow Airport,52.4743995667,13.1380996704,161.0,EU,DE,DE-BE,Spandau,no,EDBG,GWW,,,https://en.wikipedia.org/wiki/Gatow_Airport,"General-Steinhoff Kaserne, Luftwaffenmuseum der Bundeswehr, RAF Gatow"
35275,IT-TQR,heliport,San Domino Island Heliport,42.117775,15.490655,,EU,IT,IT-75,Tremiti Islands,yes,LINI,TQR,,,https://de.wikipedia.org/wiki/Heliport_San_Domino,
31795,LAKU,medium_airport,Kukës International Airport,42.035802,20.415955,1120.0,EU,AL,AL-07,Kukës,no,LAKU,KFZ,,,https://en.wikipedia.org/wiki/Kuk%C3%ABs_International_Airport,
3972,LATI,large_airport,Tirana International Airport Mother Teresa,41.4146995544,19.7206001282,126.0,EU,AL,AL-11,Tirana,yes,LATI,TIA,,http://www.tirana-airport.com/,https://en.wikipedia.org/wiki/Tirana_International_Airport_N%C3%ABn%C3%AB_Tereza,"Rinas International Airport, Aeroporti Nënë Tereza"
3974,LBBG,large_airport,Burgas Airport,42.56959915161133,27.515199661254883,135.0,EU,BG,BG-02,Burgas,yes,LBBG,BOJ,,,https://en.wikipedia.org/wiki/Burgas_Airport,
3975,LBGO,medium_airport,Gorna Oryahovitsa Airport,43.15140151977539,25.712900161743164,285.0,EU,BG,BG-04,Gorna Oryahovitsa,no,LBGO,GOZ,,,,
3976,LBPD,medium_airport,Plovdiv International Airport,42.067799,24.8508,597.0,EU,BG,BG-16,Plovdiv,yes,LBPD,PDV,,http://www.plovdivairport.com/,https://en.wikipedia.org/wiki/Plovdiv_International_Airport,
92,LBRS,small_airport,Ruse Airport,43.694801,26.0567,614.0,EU,BG,BG-18,Shtraklevo,no,LBRS,ROU,,,https://en.wikipedia.org/wiki/Ruse_Airport,"LB24, Shtraklevo Air Base, Shtruklovo"
3977,LBSF,large_airport,Sofia Airport,42.69669342041016,23.411436080932617,1742.0,EU,BG,BG-23,Sofia,yes,LBSF,SOF,,http://sofia-airport.bg,https://en.wikipedia.org/wiki/Sofia_Airport,
32324,LBSS,closed,Silistra Polkovnik Lambrinovo Air Base,44.055199,27.178801,351.0,EU,BG,BG-19,Silistra,no,LBSS,SLS,,,https://en.wikipedia.org/wiki/Silistra_Airfield,
3978,LBSZ,small_airport,Stara Zagora Airport,42.3766667,25.655,558.0,EU,BG,BG-24,Stara Zagora,no,LBSZ,SZR,,,https://en.wikipedia.org/wiki/Stara_Zagora_Airport,
84,LBTG,small_airport,Targovishte Airport / Buhovtsi Airfield,43.306599,26.700899,666.0,EU,BG,BG-25,Buhovtsi,no,LBTG,TGV,,,https://en.wikipedia.org/wiki/Targovishte_Airport,"LB16, Bukhovtsi"
3979,LBWN,large_airport,Varna Airport,43.232101,27.8251,230.0,EU,BG,BG-03,Varna,yes,LBWN,VAR,,,https://en.wikipedia.org/wiki/Varna_Airport,
3982,LCRA,large_airport,RAF Akrotiri,34.590401,32.9879,76.0,EU,GB,GB-U-A,Akrotiri,no,LCRA,AKT,,http://www.raf.mod.uk/rafakrotiri/passengerinformation/,https://en.wikipedia.org/wiki/RAF_Akrotiri,"Royal Air Force,"
3984,LDDU,medium_airport,Dubrovnik Airport,42.5614013671875,18.268199920654297,527.0,EU,HR,HR-19,Dubrovnik,yes,LDDU,DBV,,,https://en.wikipedia.org/wiki/Dubrovnik_Airport,
30085,LDLO,small_airport,Lošinj Island Airport,44.5657997131,14.3930997849,151.0,EU,HR,HR-08,Lošinj,no,LDLO,LSZ,,,https://en.wikipedia.org/wiki/Lo%C5%A1inj_Airport,
3986,LDOS,medium_airport,Osijek Airport,45.4627,18.8102,290.0,EU,HR,HR-14,Osijek,yes,LDOS,OSI,,,https://en.wikipedia.org/wiki/Osijek_Airport,
3987,LDPL,medium_airport,Pula Airport,44.89350128173828,13.922200202941896,274.0,EU,HR,HR-18,Pula,yes,LDPL,PUY,,,https://en.wikipedia.org/wiki/Pula_Airport,
3989,LDRI,medium_airport,Rijeka Airport,45.21689987182617,14.570300102233888,278.0,EU,HR,HR-08,Rijeka,yes,LDRI,RJK,,,https://en.wikipedia.org/wiki/Rijeka_Airport,"Reka, Rika, Fiume"
3990,LDSB,medium_airport,Brač Airport,43.285702,16.679701,1776.0,EU,HR,HR-17,Bol,yes,LDSB,BWK,,,https://en.wikipedia.org/wiki/Bra%C4%8D_Airport,Bol Airport
3991,LDSP,medium_airport,Split Airport,43.53889846801758,16.29800033569336,79.0,EU,HR,HR-17,Split,yes,LDSP,SPU,,,https://en.wikipedia.org/wiki/Split_Airport,
3993,LDZA,large_airport,Zagreb Airport,45.7429008484,16.0687999725,353.0,EU,HR,HR-21,Zagreb,yes,LDZA,ZAG,,,https://en.wikipedia.org/wiki/Zagreb_Airport,Pleso
3994,LDZD,medium_airport,Zadar Airport,44.108299,15.3467,289.0,EU,HR,HR-13,Zemunik (Zadar),yes,LDZD,ZAD,,https://www.zadar-airport.hr/en,https://en.wikipedia.org/wiki/Zadar_Airport,
3996,LEAB,medium_airport,Albacete Airport / Los Llanos Air Base,38.948502,-1.86352,2302.0,EU,ES,ES-AB,Albacete,no,LEAB,ABC,,http://www.aena.es/csee/Satellite?cid=1046767815090&pagename=subHome&Language=EN_GB&SiteName=LEAB&c=Page,https://en.wikipedia.org/wiki/Albacete_Airport,
3997,LEAL,large_airport,Alicante International Airport,38.28219985961914,-0.5581560134887695,142.0,EU,ES,ES-V,Alicante,yes,LEAL,ALC,,http://www.aena.es/csee/Satellite?cid=1049437849176&pagename=subHome&Language=EN_GB&SiteName=ALC&c=Page,https://en.wikipedia.org/wiki/Alicante_Airport,
3998,LEAM,medium_airport,Almería International Airport,36.84389877319336,-2.3701000213623047,70.0,EU,ES,ES-AN,Almería,yes,LEAM,LEI,,http://www.aena.es/csee/Satellite?cid=1048146844127&pagename=subHome&Language=EN_GB&SiteName=LEI&c=Page,https://en.wikipedia.org/wiki/Almer%C3%ADa_International_Airport,
3999,LEAS,medium_airport,Asturias Airport,43.5635986328125,-6.0346198081970215,416.0,EU,ES,ES-O,Ranón,yes,LEAS,OVD,,http://www.aena.es/csee/Satellite?cid=1047658435997&pagename=subHome&Language=EN_GB&SiteName=OVD&c=Page,https://en.wikipedia.org/wiki/Asturias_Airport,
4000,LEBA,medium_airport,Córdoba Airport,37.84199905395508,-4.848879814147949,297.0,EU,ES,ES-AN,Córdoba,no,LEBA,ODB,,http://www.aena.es/csee/Satellite?cid=1046972065602&pagename=subHome&Language=EN_GB&SiteName=ODB&c=Page,https://en.wikipedia.org/wiki/C%C3%B3rdoba_Airport,
4001,LEBB,medium_airport,Bilbao Airport,43.30110168457031,-2.9106099605560303,138.0,EU,ES,ES-PV,Bilbao,yes,LEBB,BIO,,http://www.aena.es/csee/Satellite?cid=1047658432525&pagename=subHome&Language=EN_GB&SiteName=BIO&c=Page,https://en.wikipedia.org/wiki/Bilbao_Airport,
4003,LEBG,medium_airport,Burgos Airport,42.357601,-3.62076,2945.0,EU,ES,ES-CL,Burgos,yes,LEBG,RGS,,http://www.aena.es/csee/Satellite?cid=1047546622026&pagename=subHome&Language=EN_GB&SiteName=LEBG&c=Page,https://en.wikipedia.org/wiki/Burgos_Airport,
4004,LEBL,large_airport,Barcelona International Airport,41.2971,2.07846,12.0,EU,ES,ES-CT,Barcelona,yes,LEBL,BCN,,http://www.aena.es/en/barcelona-airport/index.html,https://en.wikipedia.org/wiki/Barcelona%E2%80%93El_Prat_Airport,El Prat Airport
4005,LEBZ,medium_airport,Badajoz Airport,38.891300201416016,-6.8213300704956055,609.0,EU,ES,ES-EX,Badajoz,yes,LEBZ,BJZ,,http://www.aena.es/csee/Satellite?cid=1047546622728&pagename=subHome&Language=EN_GB&SiteName=BJZ&c=Page,https://en.wikipedia.org/wiki/Badajoz_Airport,Talavera La Real Airport
300859,LECH,medium_airport,Castellón-Costa Azahar Airport,40.213889,0.073333,1182.0,EU,ES,ES-CS,Castellón de la Plana,yes,LECH,CDT,,https://www.aeroportcastello.com/,https://en.wikipedia.org/wiki/Castell%C3%B3n%E2%80%93Costa_Azahar_Airport,
4007,LECO,medium_airport,A Coruña Airport,43.302101,-8.37726,326.0,EU,ES,ES-GA,Culleredo,yes,LECO,LCG,,http://www.aena.es/csee/Satellite?cid=1048146841342&pagename=subHome&SiteName=LCG&c=Page&Language=EN_GB,https://en.wikipedia.org/wiki/A_Coru%C3%B1a_Airport,"The Groyne, La Coruña"
4044,LECU,medium_airport,Madrid-Cuatro Vientos Airport,40.370701,-3.78514,2269.0,EU,ES,ES-M,Madrid,no,LECU,ECV,,http://www.enaire.es/csee/Satellite/navegacion-aerea/es/Page/1078418725163/?other=1083158950596&other2=1083857758855#ancla332,https://en.wikipedia.org/wiki/Cuatro_Vientos_Airport,LEVS
308328,LEDA,medium_airport,Lleida-Alguaire Airport,41.728185,0.535023,1152.0,EU,ES,ES-CT,Lleida,yes,LEDA,ILD,,http://www.aeroportlleida.cat/?L=2,https://en.wikipedia.org/wiki/Lleida-Alguaire_Airport,
4010,LEGE,medium_airport,Girona Airport,41.901000977,2.7605500221,468.0,EU,ES,ES-GE,Girona,yes,LEGE,GRO,,,https://en.wikipedia.org/wiki/Girona-Costa_Brava_Airport,
4011,LEGR,medium_airport,Federico Garcia Lorca Airport,37.18870162963867,-3.777359962463379,1860.0,EU,ES,ES-AN,Granada,yes,LEGR,GRX,,,https://en.wikipedia.org/wiki/Federico_Garc%C3%ADa_Lorca_Airport,
29967,LEHC,small_airport,Huesca/Pirineos Airport,42.076099,-0.316667,1769.0,EU,ES,ES-AR,Monflorite/Alcalá del Obispo,no,LEHC,HSK,,http://aena.mobi/m/en/huesca-pirineos-airport/huesca-pirineos.html,https://en.wikipedia.org/wiki/Huesca%E2%80%93Pirineos_Airport,
4013,LEIB,large_airport,Ibiza Airport,38.872898,1.37312,24.0,EU,ES,ES-PM,Ibiza,yes,LEIB,IBZ,,,https://en.wikipedia.org/wiki/Ibiza_Airport,
4015,LEJR,medium_airport,Jerez Airport,36.744598,-6.06011,93.0,EU,ES,ES-AN,Jerez de la Frontera,yes,LEJR,XRY,,,https://en.wikipedia.org/wiki/Jerez_Airport,
4017,LELC,medium_airport,San Javier Airport,37.775002,-0.812389,11.0,EU,ES,ES-MU,San Javier,no,LELC,MJV,,,https://en.wikipedia.org/wiki/Murcia-San_Javier_Airport,
29412,LELL,small_airport,Sabadell Airport,41.52090072631836,2.1050798892974854,485.0,EU,ES,ES-CT,Sabadell,no,LELL,QSA,,,,
4018,LELN,medium_airport,Leon Airport,42.589001,-5.65556,3006.0,EU,ES,ES-CL,León,yes,LELN,LEN,,,https://en.wikipedia.org/wiki/Le%C3%B3n_Airport,
30083,LELO,medium_airport,Logroño-Agoncillo Airport,42.460953,-2.322235,1161.0,EU,ES,ES-LO,Logroño,no,LERJ,RJL,,,https://en.wikipedia.org/wiki/Logro%C3%B1o%E2%80%93Agoncillo_Airport,LELO
4019,LEMD,large_airport,Adolfo Suárez Madrid–Barajas Airport,40.471926,-3.56264,1998.0,EU,ES,ES-M,Madrid,yes,LEMD,MAD,,http://www.aena.es/en/passengers/passengers.html,https://en.wikipedia.org/wiki/Adolfo_Su%C3%A1rez_Madrid%E2%80%93Barajas_Airport,"Leganés, Madrid Barajas International Airport"
4020,LEMG,large_airport,Málaga Airport,36.67490005493164,-4.499110221862793,53.0,EU,ES,ES-AN,Málaga,yes,LEMG,AGP,,,https://en.wikipedia.org/wiki/M%C3%A1laga_Airport,Costa del Sol
4021,LEMH,medium_airport,Menorca Airport,39.86259841918945,4.218649864196777,302.0,EU,ES,ES-PM,Menorca Island,yes,LEMH,MAH,,,https://en.wikipedia.org/wiki/Menorca_Airport,
4022,LEMO,medium_airport,Moron Air Base,37.17490005493164,-5.615940093994141,285.0,EU,ES,ES-AN,Morón,no,LEMO,OZP,,,https://en.wikipedia.org/wiki/Mor%C3%B3n_Air_Base,
4035,LEPA,large_airport,Palma De Mallorca Airport,39.551700592,2.73881006241,27.0,EU,ES,ES-PM,Palma De Mallorca,yes,LEPA,PMI,,http://www.aena.es/csee/Satellite?cid=1046276292735&pagename=subHome&Language=EN_GB&SiteName=PMI&c=Page,https://en.wikipedia.org/wiki/Son_Sant_Joan_Airport,"Son Sant Joan Airport, LESJ"
4025,LEPP,medium_airport,Pamplona Airport,42.77000045776367,-1.6463299989700315,1504.0,EU,ES,ES-NA,Pamplona,yes,LEPP,PNA,,,https://en.wikipedia.org/wiki/Pamplona_Airport,
46583,LERL,medium_airport,Ciudad Real International Airport,38.856479,-3.969944,,EU,ES,ES-CR,Ciudad Real,no,LERL,CQM,,http://www.aeropuertocentralcr.com/,https://en.wikipedia.org/wiki/Ciudad_Real_International_Airport,Ciudad Real Central Airport
4031,LERS,medium_airport,Reus Air Base,41.14739990234375,1.1671700477600098,233.0,EU,ES,ES-CT,Reus,yes,LERS,REU,,,https://en.wikipedia.org/wiki/Reus_Airport,
4032,LERT,medium_airport,Rota Naval Station Airport,36.645198822,-6.34946012497,86.0,EU,ES,ES-AN,Rota,no,LERT,ROZ,,,https://en.wikipedia.org/wiki/Naval_Station_Rota_Spain,
4033,LESA,medium_airport,Salamanca Airport,40.95209884643555,-5.501989841461182,2595.0,EU,ES,ES-CL,Salamanca,yes,LESA,SLM,,,https://en.wikipedia.org/wiki/Salamanca_Airport,
4037,LESO,medium_airport,San Sebastian Airport,43.35649871826172,-1.7906099557876587,16.0,EU,ES,ES-PV,Hondarribia,yes,LESO,EAS,,,https://en.wikipedia.org/wiki/San_Sebasti%C3%A1n_Airport,
4038,LEST,large_airport,Santiago de Compostela Airport,42.89630126953125,-8.415140151977539,1213.0,EU,ES,ES-GA,Santiago de Compostela,yes,LEST,SCQ,,,https://en.wikipedia.org/wiki/Santiago_de_Compostela_Airport,
4039,LESU,small_airport,Pirineus - la Seu d'Urgel Airport,42.3386,1.40917,2625.0,EU,ES,ES-CT,La Seu d'Urgell Pyrenees and Andorra,yes,LESU,LEU,,http://www10.gencat.net/ptop/AppJava/cat/aerotrans/aerodroms/aerodroms/pirineus.jsp,https://en.wikipedia.org/wiki/La_Seu_d'Urgell_Airport,"Montferrer, Castellbò"
316427,LETL,medium_airport,Teruel Airport,40.403,-1.2183,3380.0,EU,ES,ES-AR,Teruel,no,LETL,TEV,,http://www.aeropuertodeteruel.com/en/,https://en.wikipedia.org/wiki/Teruel_Airport,
4041,LETO,medium_airport,Madrid–Torrejón Airport / Torrejón Air Base,40.487875,-3.456808,2026.0,EU,ES,ES-M,Madrid,no,LETO,TOJ,,,https://en.wikipedia.org/wiki/Madrid-Torrej%C3%B3n_Airport,
4042,LEVC,medium_airport,Valencia Airport,39.4893,-0.481625,240.0,EU,ES,ES-V,Valencia,yes,LEVC,VLC,,,https://en.wikipedia.org/wiki/Valencia_Airport,
4043,LEVD,medium_airport,Valladolid Airport,41.7061004639,-4.85194015503,2776.0,EU,ES,ES-CL,Valladolid,yes,LEVD,VLL,,,https://en.wikipedia.org/wiki/Valladolid_Airport,
4045,LEVT,medium_airport,Vitoria/Foronda Airport,42.8828010559082,-2.7244699001312256,1682.0,EU,ES,ES-PV,Alava,yes,LEVT,VIT,,,https://en.wikipedia.org/wiki/Vitoria_Airport,
4046,LEVX,medium_airport,Vigo Airport,42.2318000793457,-8.62677001953125,856.0,EU,ES,ES-GA,Vigo,yes,LEVX,VGO,,,https://en.wikipedia.org/wiki/Vigo-Peinador_Airport,
4047,LEXJ,medium_airport,Santander Airport,43.42710113525391,-3.82000994682312,16.0,EU,ES,ES-S,Santander,yes,LEXJ,SDR,,,https://en.wikipedia.org/wiki/Santander_Airport,
4048,LEZG,medium_airport,Zaragoza Air Base,41.66619873046875,-1.0415500402450562,863.0,EU,ES,ES-AR,Zaragoza,yes,LEZG,ZAZ,,,https://en.wikipedia.org/wiki/Zaragoza_Airport,
4049,LEZL,medium_airport,Sevilla Airport,37.417999267578125,-5.8931097984313965,112.0,EU,ES,ES-AN,Sevilla,yes,LEZL,SVQ,,,https://en.wikipedia.org/wiki/San_Pablo_Airport,
28770,LFAB,small_airport,St Aubin Airport,49.88249969482422,1.085279941558838,344.0,EU,FR,FR-NOR,Dieppe,no,LFAB,DPE,,,,
4050,LFAC,medium_airport,Calais-Dunkerque Airport,50.962100982666016,1.954759955406189,12.0,EU,FR,FR-HDF,Calais/Dunkerque,no,LFAC,CQF,,,,Dunkirk
4054,LFAQ,small_airport,Albert-Bray Airport,49.9715003967,2.69765996933,364.0,EU,FR,FR-HDF,Albert/Bray,no,LFAQ,BYF,,,https://en.wikipedia.org/wiki/Albert_%E2%80%93_Picardie_Airport,
4055,LFAT,medium_airport,Le Touquet-Côte d'Opale Airport,50.51739883422852,1.6205899715423584,36.0,EU,FR,FR-HDF,Le Touquet-Paris-Plage,no,LFAT,LTQ,,,,
4056,LFAV,medium_airport,Valenciennes-Denain Airport,50.325802,3.46126,165.0,EU,FR,FR-HDF,Valenciennes/Denain,no,LFAV,XVS,,,,
4058,LFBA,medium_airport,Agen-La Garenne Airport,44.17470169067383,0.5905560255050659,204.0,EU,FR,FR-NAQ,Agen/La Garenne,yes,LFBA,AGF,,,https://en.wikipedia.org/wiki/Agen_-_La_Garenne_Aerodrome,
4060,LFBD,large_airport,Bordeaux-Mérignac Airport,44.8283,-0.715556,162.0,EU,FR,FR-NAQ,Bordeaux/Mérignac,yes,LFBD,BOD,,https://www.bordeaux.aeroport.fr/,https://en.wikipedia.org/wiki/Bordeaux%E2%80%93M%C3%A9rignac_Airport,
4061,LFBE,medium_airport,Bergerac-Roumanière Airport,44.82529830932617,0.5186110138893127,171.0,EU,FR,FR-NAQ,Bergerac/Roumanière,yes,LFBE,EGC,,,https://en.wikipedia.org/wiki/Bergerac-Roumani%C3%A8re_Airport,
4063,LFBG,medium_airport,Cognac-Châteaubernard (BA 709) Air Base,45.65829849243164,-0.3174999952316284,102.0,EU,FR,FR-NAQ,Cognac/Châteaubernard,no,LFBG,CNG,,,,
4064,LFBH,medium_airport,La Rochelle-Île de Ré Airport,46.17919921875,-1.1952799558639526,74.0,EU,FR,FR-NAQ,La Rochelle/Île de Ré,yes,LFBH,LRH,,,https://en.wikipedia.org/wiki/La_Rochelle_-_%C3%8Ele_de_R%C3%A9_Airport,Laleu Airport
4065,LFBI,medium_airport,Poitiers-Biard Airport,46.58769989013672,0.3066659867763519,423.0,EU,FR,FR-NAQ,Poitiers/Biard,yes,LFBI,PIS,,,https://en.wikipedia.org/wiki/Poitiers_-_Biard_Airport,
4066,LFBK,medium_airport,Montluçon-Guéret Airport,46.222599029541016,2.363960027694702,1497.0,EU,FR,FR-NAQ,Montluçon/Guéret,no,LFBK,MCU,,,,
4067,LFBL,medium_airport,Limoges Airport,45.86280059814453,1.1794400215148926,1300.0,EU,FR,FR-NAQ,Limoges/Bellegarde,yes,LFBL,LIG,,,https://en.wikipedia.org/wiki/Limoges_-_Bellegarde_Airport,
4069,LFBN,medium_airport,Niort-Souché Airport,46.313477,-0.394529,203.0,EU,FR,FR-NAQ,Niort/Souché,no,LFBN,NIT,,,,
4070,LFBO,large_airport,Toulouse-Blagnac Airport,43.629101,1.36382,499.0,EU,FR,FR-OCC,Toulouse/Blagnac,yes,LFBO,TLS,,http://www.toulouse.aeroport.fr/,https://en.wikipedia.org/wiki/Toulouse_Blagnac_International_Airport,
4071,LFBP,medium_airport,Pau Pyrénées Airport,43.380001068115234,-0.4186109900474548,616.0,EU,FR,FR-NAQ,Pau/Pyrénées (Uzein),yes,LFBP,PUF,,,https://en.wikipedia.org/wiki/Pau_Pyr%C3%A9n%C3%A9es_Airport,
4073,LFBT,medium_airport,Tarbes-Lourdes-Pyrénées Airport,43.1786994934082,-0.0064389999024569,1260.0,EU,FR,FR-OCC,Tarbes/Lourdes/Pyrénées,yes,LFBT,LDE,,,https://en.wikipedia.org/wiki/Tarbes-Lourdes-Pyr%C3%A9n%C3%A9es_Airport,
4074,LFBU,medium_airport,Angoulême-Brie-Champniers Airport,45.729198,0.221456,436.0,EU,FR,FR-NAQ,Angoulême/Brie/Champniers,no,LFBU,ANG,,,https://en.wikipedia.org/wiki/Angoul%C3%AAme_-_Brie_-_Champniers_Airport,
4076,LFBX,medium_airport,Périgueux-Bassillac Airport,45.19810104370117,0.815555989742279,328.0,EU,FR,FR-NAQ,Périgueux/Bassillac,no,LFBX,PGX,,,,
28787,LFBY,small_airport,Dax Seyresse Airport,43.68920135498047,-1.0688899755477903,106.0,EU,FR,FR-NAQ,Perigueux,no,LFBY,XDA,,,,
4077,LFBZ,medium_airport,Biarritz-Anglet-Bayonne Airport,43.4683333,-1.5311111,245.0,EU,FR,FR-NAQ,Biarritz/Anglet/Bayonne,yes,LFBZ,BIQ,,,https://en.wikipedia.org/wiki/Biarritz_-_Anglet_-_Bayonne_Airport,
4078,LFCC,medium_airport,Aérodrome de Cahors-Lalbenque,44.351398,1.47528,912.0,EU,FR,FR-OCC,Cahors/Lalbenque,no,LFCC,ZAO,,,,
4081,LFCI,medium_airport,Albi-Le Séquestre Airport,43.91389846801758,2.1130599975585938,564.0,EU,FR,FR-OCC,Albi/Le Séquestre,no,LFCI,LBI,,,,
4082,LFCK,medium_airport,Castres-Mazamet Airport,43.55630111694336,2.289180040359497,788.0,EU,FR,FR-OCC,Castres/Mazamet,yes,LFCK,DCM,,,https://en.wikipedia.org/wiki/Castres-Mazamet_Airport,
4086,LFCR,medium_airport,Rodez-Marcillac Airport,44.407901763916016,2.4826700687408447,1910.0,EU,FR,FR-OCC,Rodez/Marcillac,yes,LFCR,RDZ,,,https://en.wikipedia.org/wiki/Rodez-Marcillac_Airport,
4089,LFCY,medium_airport,Royan-Médis Airport,45.62810134887695,-0.9725000262260436,72.0,EU,FR,FR-NAQ,Royan/Médis,no,LFCY,RYN,,,,
4097,LFDN,medium_airport,Rochefort-Saint-Agnant (BA 721) Airport,45.88779830932617,-0.9830560088157654,60.0,EU,FR,FR-NAQ,Rochefort/Saint-Agnant,no,LFDN,RCO,,,,
4101,LFEY,medium_airport,Île d'Yeu Airport,46.71860122680664,-2.3911099433898926,79.0,EU,FR,FR-PDL,Île d'Yeu,yes,LFEY,IDY,,,https://en.wikipedia.org/wiki/%C3%8Ele_d'Yeu_Aerodrome,
4104,LFGA,medium_airport,Colmar-Houssen Airport,48.109901428222656,7.359010219573975,628.0,EU,FR,FR-GES,Colmar/Houssen,no,LFGA,CMR,,,,
4107,LFGJ,medium_airport,Dole-Tavaux Airport,47.042686,5.435063,645.0,EU,FR,FR-BFC,Dole/Tavaux,yes,LFGJ,DLE,,https://www.aeroportdolejura.com/,https://en.wikipedia.org/wiki/Dole%E2%80%93Jura_Airport,Dole–Jura
28887,LFHM,small_airport,Megève Altiport,45.823005,6.649406,4823.0,EU,FR,FR-ARA,Megève,no,LFHM,MVV,,,https://en.wikipedia.org/wiki/Meg%C3%A8ve_Altiport,
4110,LFHO,medium_airport,Aubenas-Ardèche Méridional Airport,44.544203,4.372192,923.0,EU,FR,FR-ARA,Aubenas/Ardèche Méridional,no,LFHO,OBS,,,https://en.wikipedia.org/w/index.php?title=Aubenas_-_Ard%C3%A8che_M%C3%A9ridional_Aerodrome&redirect=no,
4111,LFHP,medium_airport,Le Puy-Loudes Airport,45.0806999206543,3.762890100479126,2731.0,EU,FR,FR-ARA,Le Puy/Loudes,yes,LFHP,LPY,,,https://en.wikipedia.org/wiki/Le_Puy_-_Loudes_Airport,
28891,LFHU,small_airport,Altiport L'Alpe d'Huez - Henri GIRAUD,45.088299,6.08472,6102.0,EU,FR,FR-ARA,L'Alpe d'Huez,no,LFHU,AHZ,,,https://fr.wikipedia.org/wiki/Altiport_de_l'Alpe_d'Huez,
4120,LFJL,medium_airport,Metz-Nancy-Lorraine Airport,48.9821014404,6.25131988525,870.0,EU,FR,FR-GES,Metz / Nancy,yes,LFJL,ETZ,,,https://en.wikipedia.org/wiki/Metz-Nancy-Lorraine_Airport,
4121,LFJR,medium_airport,Angers-Loire Airport,47.560299,-0.312222,194.0,EU,FR,FR-PDL,Angers/Marcé,yes,LFJR,ANE,,,https://en.wikipedia.org/wiki/Angers_–_Loire_Airport,
4123,LFKB,medium_airport,Bastia-Poretta Airport,42.55270004272461,9.48373031616211,26.0,EU,FR,FR-COR,Bastia/Poretta,yes,LFKB,BIA,,,https://en.wikipedia.org/wiki/Bastia_-_Poretta_Airport,
4124,LFKC,medium_airport,Calvi-Sainte-Catherine Airport,42.5244444,8.7930556,209.0,EU,FR,FR-COR,Calvi/Sainte-Catherine,yes,LFKC,CLY,,,https://en.wikipedia.org/wiki/Calvi_-_Sainte-Catherine_Airport,
4125,LFKF,medium_airport,Figari Sud-Corse Airport,41.500599,9.09778,85.0,EU,FR,FR-COR,Figari Sud-Corse,yes,LFKF,FSC,,,https://en.wikipedia.org/wiki/Figari_Sud-Corse_Airport,
4126,LFKJ,medium_airport,Ajaccio-Napoléon Bonaparte Airport,41.92359924316406,8.8029203414917,18.0,EU,FR,FR-COR,Ajaccio/Napoléon Bonaparte,yes,LFKJ,AJA,,,https://en.wikipedia.org/wiki/Ajaccio_-_Campo_dell'Oro_Airport,
4127,LFKO,small_airport,Propriano Airport,41.66059875488281,8.889749526977539,13.0,EU,FR,FR-COR,Propriano,no,LFKO,PRP,,,,
4128,LFKS,medium_airport,Solenzara (BA 126) Air Base,41.92440032958984,9.406000137329102,28.0,EU,FR,FR-COR,Solenzara,no,LFKS,SOZ,,,,
28924,LFKX,small_airport,Méribel Altiport,45.407003,6.577942,5636.0,EU,FR,FR-ARA,,no,LFKX,MFX,,,,
4130,LFLA,medium_airport,Auxerre-Branches Airport,47.85020065307617,3.497109889984131,523.0,EU,FR,FR-BFC,Auxerre/Branches,no,LFLA,AUF,,,,
4131,LFLB,medium_airport,Chambéry-Savoie Airport,45.63809967041016,5.880229949951172,779.0,EU,FR,FR-ARA,Chambéry/Aix-les-Bains,yes,LFLB,CMF,,,https://en.wikipedia.org/wiki/Chamb%C3%A9ry_Airport,
4132,LFLC,medium_airport,Clermont-Ferrand Auvergne Airport,45.7867012024,3.1691699028,1090.0,EU,FR,FR-ARA,Clermont-Ferrand/Auvergne,yes,LFLC,CFE,,,https://en.wikipedia.org/wiki/Clermont-Ferrand_Auvergne_Airport,
4133,LFLD,medium_airport,Bourges Airport,47.058101654052734,2.3702800273895264,529.0,EU,FR,FR-CVL,Bourges,no,LFLD,BOU,,,,
4136,LFLI,medium_airport,Annemasse Airport,46.1920013428,6.268390178680001,1620.0,EU,FR,FR-ARA,Annemasse,no,LFLI,QNJ,,http://www.caa.asso.fr/,,
28488,LFLJ,small_airport,Courchevel Airport,45.396702,6.63472,6583.0,EU,FR,FR-ARA,Courchevel,no,LFLJ,CVF,,,,
4137,LFLL,large_airport,Lyon Saint-Exupéry Airport,45.725556,5.081111,821.0,EU,FR,FR-ARA,Lyon,yes,LFLL,LYS,,https://www.lyonaeroports.com/,https://en.wikipedia.org/wiki/Saint-Exup%C3%A9ry_International_Airport,
4139,LFLN,medium_airport,Saint-Yan Airport,46.41249847412109,4.0132598876953125,796.0,EU,FR,FR-BFC,Saint-Yan,no,LFLN,SYT,,,,
4140,LFLO,medium_airport,Roanne-Renaison Airport,46.05830001831055,4.001389980316162,1106.0,EU,FR,FR-ARA,Roanne/Renaison,no,LFLO,RNE,,,,
4141,LFLP,medium_airport,Annecy-Haute-Savoie-Mont Blanc Airport,45.9308333,6.1063889,1521.0,EU,FR,FR-ARA,Annecy/Meythet,yes,LFLP,NCY,,,https://en.wikipedia.org/wiki/Annecy_-_Haute-Savoie_-_Mont_Blanc_Airport,
4142,LFLS,medium_airport,Grenoble-Isère Airport,45.3629,5.32937,1302.0,EU,FR,FR-U-A,Saint-Étienne-de-Saint-Geoirs,yes,LFLS,GNB,,,https://en.wikipedia.org/wiki/Grenoble-Is%C3%A8re_Airport,
4144,LFLU,medium_airport,Valence-Chabeuil Airport,44.9216,4.9699,525.0,EU,FR,FR-ARA,Valence/Chabeuil,no,LFLU,VAF,,http://www.valenceaeroport.fr,https://en.wikipedia.org/wiki/Valence-Chabeuil_Airport,
4145,LFLV,medium_airport,Vichy-Charmeil Airport,46.169700622558594,3.4037399291992188,817.0,EU,FR,FR-ARA,Vichy/Charmeil,no,LFLV,VHY,,,,
4146,LFLW,medium_airport,Aurillac Airport,44.89139938354492,2.4219400882720947,2096.0,EU,FR,FR-ARA,Aurillac,yes,LFLW,AUR,,,https://en.wikipedia.org/wiki/Aurillac_Airport,
4147,LFLX,medium_airport,"Châteauroux-Déols ""Marcel Dassault"" Airport",46.860278,1.721111,529.0,EU,FR,FR-CVL,Châteauroux/Déols,no,LFLX,CHR,,,https://en.wikipedia.org/wiki/Ch%C3%A2teauroux-D%C3%A9ols_%22Marcel_Dassault%22_Airport,
4148,LFLY,medium_airport,Lyon-Bron Airport,45.72719955444336,4.944270133972168,659.0,EU,FR,FR-ARA,Lyon/Bron,no,LFLY,LYN,,,,
4151,LFMD,medium_airport,Cannes-Mandelieu Airport,43.542,6.95348,13.0,EU,FR,FR-PAC,Cannes,yes,LFMD,CEQ,,https://www.cannes.aeroport.fr/,https://en.wikipedia.org/wiki/Cannes_%E2%80%93_Mandelieu_Airport,
4152,LFMH,medium_airport,Saint-Étienne-Bouthéon Airport,45.54059982299805,4.296390056610107,1325.0,EU,FR,FR-ARA,Saint-Étienne/Bouthéon,yes,LFMH,EBU,,,https://en.wikipedia.org/wiki/Saint-%C3%89tienne_-_Bouth%C3%A9on_Airport,
4154,LFMK,medium_airport,Carcassonne Airport,43.21599960327149,2.3063199520111084,433.0,EU,FR,FR-OCC,Carcassonne/Salvaza,yes,LFMK,CCF,,,https://en.wikipedia.org/wiki/Carcassonne_Salvaza_Airport,
4155,LFML,large_airport,Marseille Provence Airport,43.439271922,5.22142410278,74.0,EU,FR,FR-PAC,Marseille,yes,LFML,MRS,,,https://en.wikipedia.org/wiki/Marseille_Provence_Airport,
4156,LFMN,large_airport,Nice-Côte d'Azur Airport,43.6584014893,7.215869903560001,12.0,EU,FR,FR-PAC,Nice,yes,LFMN,NCE,,,https://en.wikipedia.org/wiki/C%C3%B4te_d'Azur_International_Airport,
4157,LFMO,medium_airport,Orange-Caritat (BA 115) Air Base,44.14049911499024,4.866720199584961,197.0,EU,FR,FR-PAC,Orange/Caritat,no,LFMO,XOG,,,https://en.wikipedia.org/wiki/Orange-Caritat_Air_Base,
4158,LFMP,medium_airport,Perpignan-Rivesaltes (Llabanère) Airport,42.74039840698242,2.8706700801849365,144.0,EU,FR,FR-OCC,Perpignan/Rivesaltes,yes,LFMP,PGF,,,https://en.wikipedia.org/wiki/Perpignan_-_Rivesaltes_Airport,
4159,LFMQ,medium_airport,Le Castellet Airport,43.25249862670898,5.785190105438232,1391.0,EU,FR,FR-PAC,Le Castellet,no,LFMQ,CTT,,,,
28935,LFMR,small_airport,Barcelonnette - Saint-Pons Airport,44.387198,6.609186,3714.0,EU,FR,FR-PAC,Le Castellet,no,LFMR,BAE,,,https://en.wikipedia.org/wiki/Barcelonnette_%E2%80%93_Saint-Pons_Airport,
4161,LFMT,medium_airport,Montpellier-Méditerranée Airport,43.57619857788086,3.96301007270813,17.0,EU,FR,FR-OCC,Montpellier/Méditerranée,yes,LFMT,MPL,,,https://en.wikipedia.org/wiki/Montpellier_-_M%C3%A9diterran%C3%A9e_Airport,
4162,LFMU,medium_airport,Béziers-Vias Airport,43.32350158691406,3.353899955749512,56.0,EU,FR,FR-OCC,Béziers/Vias,yes,LFMU,BZR,,,https://en.wikipedia.org/wiki/B%C3%A9ziers-Agde-Vias_Airport,
4163,LFMV,medium_airport,Avignon-Caumont Airport,43.90729904174805,4.901830196380615,124.0,EU,FR,FR-PAC,Avignon/Caumont,yes,LFMV,AVN,,,https://en.wikipedia.org/wiki/Avignon_-_Caumont_Airport,
28938,LFNA,small_airport,Gap - Tallard Airfield,44.455002,6.03778,1986.0,EU,FR,FR-PAC,,no,LFNA,GAT,,,,
4166,LFNB,medium_airport,Mende-Brenoux Airfield,44.502102,3.53282,3362.0,EU,FR,FR-OCC,Mende/Brénoux,no,LFNB,MEN,,,,
28939,LFNC,small_airport,Mont-Dauphin - St-Crépin Airfield,44.701698,6.60028,2963.0,EU,FR,FR-PAC,,no,LFNC,SCP,,http://www.stcrepin-aero.com/,,
4169,LFOB,medium_airport,Paris Beauvais Tillé Airport,49.454399,2.11278,359.0,EU,FR,FR-HDF,Beauvais,yes,LFOB,BVA,,https://www.aeroportparisbeauvais.com/,https://en.wikipedia.org/wiki/Paris_Beauvais_Till%C3%A9_Airport,
4172,LFOE,medium_airport,Évreux-Fauville (BA 105) Air Base,49.02870178222656,1.219859957695007,464.0,EU,FR,FR-NOR,Évreux/Fauville,no,LFOE,EVX,,,,
4173,LFOH,medium_airport,Le Havre Octeville Airport,49.53390121459961,0.0880559980869293,313.0,EU,FR,FR-NOR,Le Havre/Octeville,yes,LFOH,LEH,,,https://en.wikipedia.org/wiki/Le_Havre_Octeville_Airport,
4176,LFOK,medium_airport,Châlons-Vatry Airport,48.773333,4.206111,587.0,EU,FR,FR-GES,Vatry,yes,LFOK,XCR,,,,
28964,LFOO,small_airport,Les Sables-d'Olonne Talmont Airport,46.476898193359375,-1.7227799892425537,105.0,EU,FR,FR-PDL,Les Sables-d'Olonne,no,LFOO,LSO,,,,Talmon-Saint-Hilaire
4177,LFOP,medium_airport,Rouen Airport,49.38420104980469,1.1748000383377075,512.0,EU,FR,FR-NOR,Rouen/Vallée de Seine,yes,LFOP,URO,,,https://en.wikipedia.org/wiki/Rouen_Airport,
4179,LFOT,medium_airport,Tours-Val-de-Loire Airport,47.4322013855,0.727605998516,357.0,EU,FR,FR-CVL,Tours/Val de Loire (Loire Valley),yes,LFOT,TUF,,http://www.tours.aeroport.fr/index_en.php,https://en.wikipedia.org/wiki/Tours_Loire_Valley_Airport,
4180,LFOU,medium_airport,Cholet Le Pontreau Airport,47.08209991455078,-0.8770639896392822,443.0,EU,FR,FR-PDL,Cholet/Le Pontreau,no,LFOU,CET,,,,
4181,LFOV,medium_airport,Laval-Entrammes Airport,48.03139877319336,-0.7429860234260559,330.0,EU,FR,FR-PDL,Laval/Entrammes,no,LFOV,LVA,,,,
4182,LFOZ,small_airport,Orléans – Saint-Denis-de-l'Hôtel Airport,47.8969,2.16333,396.0,EU,FR,FR-CVL,Orléans,no,LFOZ,ORE,,https://orleans.aeroport.fr/,https://en.wikipedia.org/wiki/Orl%C3%A9ans_%E2%80%93_Saint-Denis-de-l%27H%C3%B4tel_Airport,Aéroport du Loiret
4183,LFPB,medium_airport,Paris-Le Bourget Airport,48.96939849853516,2.441390037536621,218.0,EU,FR,FR-IDF,Paris,no,LFPB,LBG,,http://www.aeroportsdeparis.fr/,https://en.wikipedia.org/wiki/Le_Bourget_Airport,PAR
4184,LFPC,medium_airport,Creil Air Base,49.25350189208984,2.5191400051116943,291.0,EU,FR,FR-HDF,Creil,no,LFPC,CSF,,,,BA 110
4185,LFPG,large_airport,Charles de Gaulle International Airport,49.012798,2.55,392.0,EU,FR,FR-IDF,Paris,yes,LFPG,CDG,,http://www.aeroportsdeparis.fr/,https://en.wikipedia.org/wiki/Charles_de_Gaulle_Airport,"PAR, Aéroport Roissy-Charles de Gaulle, Roissy Airport"
30241,LFPI,heliport,Paris Issy-les-Moulineaux Heliport,48.83330154418945,2.272779941558838,112.0,EU,FR,FR-IDF,Issy-les-Moulineaux,no,LFPI,JDP,,,,
4188,LFPN,medium_airport,Toussus-le-Noble Airport,48.75189971923828,2.1061899662017822,538.0,EU,FR,FR-IDF,Toussus-le-Noble,no,LFPN,TNF,,,,
4189,LFPO,large_airport,Paris-Orly Airport,48.7233333,2.3794444,291.0,EU,FR,FR-IDF,Paris,yes,LFPO,ORY,,,https://en.wikipedia.org/wiki/Orly_Airport_(Paris),PAR
4190,LFPT,medium_airport,Aérodrome de Pontoise - Cormeilles en Vexin,49.096667,2.040833,325.0,EU,FR,FR-IDF,Cormeilles-en-Vexin,no,LFPT,POX,,,https://en.wikipedia.org/wiki/Pontoise_%E2%80%93_Cormeilles_Aerodrome,
4191,LFPV,medium_airport,Villacoublay-Vélizy (BA 107) Air Base,48.7741667,2.1916667,584.0,EU,FR,FR-IDF,Villacoublay/Vélizy,no,LFPV,VIY,,,https://en.wikipedia.org/wiki/V%C3%A9lizy_%E2%80%93_Villacoublay_Air_Base,
4197,LFQG,medium_airport,Nevers-Fourchambault Airport,47.00260162353516,3.1133298873901367,602.0,EU,FR,FR-BFC,Nevers/Fourchambault,no,LFQG,NVS,,,,
4199,LFQJ,medium_airport,Maubeuge-Élesmes Airport,50.31050109863281,4.033120155334473,452.0,EU,FR,FR-HDF,Maubeuge/Élesmes,no,LFQJ,XME,,,,
4202,LFQQ,medium_airport,Lille-Lesquin Airport,50.563332,3.086886,157.0,EU,FR,FR-HDF,Lille/Lesquin,yes,LFQQ,LIL,,,https://en.wikipedia.org/wiki/Lille_Lesquin_International_Airport,
4203,LFQT,medium_airport,Merville-Calonne Airport,50.61840057373047,2.642240047454834,61.0,EU,FR,FR-HDF,Merville/Calonne,no,LFQT,HZB,,,,
4204,LFQV,medium_airport,Charleville-Mézières Ardennes-Etienne Riché Airport,49.783901,4.64708,492.0,EU,FR,FR-GES,Charleville-Mézières,no,LFQV,XCZ,,,,
4206,LFRB,medium_airport,Brest Bretagne Airport,48.447898864746094,-4.418540000915527,325.0,EU,FR,FR-BRE,Brest/Guipavas,yes,LFRB,BES,,,https://en.wikipedia.org/wiki/Brest_Bretagne_Airport,
4207,LFRC,medium_airport,Cherbourg-Maupertus Airport,49.65010070800781,-1.4702800512313845,459.0,EU,FR,FR-NOR,Cherbourg/Maupertus,yes,LFRC,CER,,,https://en.wikipedia.org/wiki/Cherbourg_-_Maupertus_Airport,
4208,LFRD,medium_airport,Dinard-Pleurtuit-Saint-Malo Airport,48.58769989013672,-2.0799601078033447,219.0,EU,FR,FR-BRE,Dinard/Pleurtuit/Saint-Malo,yes,LFRD,DNR,,,https://en.wikipedia.org/wiki/Dinard_-_Pleurtuit_-_Saint-Malo_Airport,
4209,LFRE,medium_airport,La Baule-Escoublac Airport,47.289398193359375,-2.346390008926392,105.0,EU,FR,FR-PDL,La Baule-Escoublac,no,LFRE,LBY,,,,
4210,LFRF,medium_airport,Granville Airport,48.88309860229492,-1.564170002937317,45.0,EU,FR,FR-NOR,Granville,no,LFRF,GFR,,,,
4211,LFRG,medium_airport,Deauville-Saint-Gatien Airport,49.365299,0.154306,479.0,EU,FR,FR-NOR,Deauville,yes,LFRG,DOL,,,https://en.wikipedia.org/wiki/Deauville_-_Saint-Gatien_Airport,
4212,LFRH,medium_airport,Lorient South Brittany (Bretagne Sud) Airport,47.76060104370117,-3.440000057220459,160.0,EU,FR,FR-BRE,Lorient/Lann/Bihoué,yes,LFRH,LRT,,,https://en.wikipedia.org/wiki/Lorient_South_Brittany_Airport,
4213,LFRI,medium_airport,La Roche-sur-Yon Airport,46.70190048217773,-1.3786300420761108,299.0,EU,FR,FR-PDL,La Roche-sur-Yon/Les Ajoncs,no,LFRI,EDM,,,,
4214,LFRJ,medium_airport,Landivisiau Air Base,48.53030014038086,-4.151639938354492,348.0,EU,FR,FR-BRE,Landivisiau,no,LFRJ,LDV,,,,
4215,LFRK,medium_airport,Caen-Carpiquet Airport,49.173301696777344,-0.449999988079071,256.0,EU,FR,FR-NOR,Caen/Carpiquet,yes,LFRK,CFR,,,https://en.wikipedia.org/wiki/Caen_-_Carpiquet_Airport,
4217,LFRM,medium_airport,Le Mans-Arnage Airport,47.94860076904297,0.2016669958829879,194.0,EU,FR,FR-PDL,Le Mans/Arnage,no,LFRM,LME,,,,
4218,LFRN,medium_airport,Rennes-Saint-Jacques Airport,48.0695,-1.73479,124.0,EU,FR,FR-BRE,Rennes/Saint-Jacques,yes,LFRN,RNS,,http://www.rennes.aeroport.fr/,https://en.wikipedia.org/wiki/Rennes_-_Saint-Jacques_Airport,
4219,LFRO,medium_airport,Lannion-Côte de Granit Airport,48.754398,-3.47166,290.0,EU,FR,FR-BRE,Lannion,no,LFRO,LAI,,http://www.lannion.aeroport.fr,https://en.wikipedia.org/wiki/Lannion_%E2%80%93_C%C3%B4te_de_Granit_Airport,Servel Airport
4220,LFRQ,medium_airport,Quimper-Cornouaille Airport,47.97499847412109,-4.167789936065674,297.0,EU,FR,FR-BRE,Quimper/Pluguffan,yes,LFRQ,UIP,,,https://en.wikipedia.org/wiki/Quimper_-_Cornouaille_Airport,
4221,LFRS,medium_airport,Nantes Atlantique Airport,47.153198242200006,-1.61073005199,90.0,EU,FR,FR-PDL,Nantes,yes,LFRS,NTE,,,https://en.wikipedia.org/wiki/Nantes_Atlantique_Airport,
4222,LFRT,medium_airport,Saint-Brieuc-Armor Airport,48.5378,-2.85444,453.0,EU,FR,FR-BRE,Saint-Brieuc/Armor,no,LFRT,SBK,,,https://en.wikipedia.org/wiki/Saint-Brieuc_%E2%80%93_Armor_Airport,
4223,LFRU,medium_airport,Morlaix-Ploujean Airport,48.6031990051,-3.81577992439,272.0,EU,FR,FR-BRE,Morlaix/Ploujean,no,LFRU,MXN,,,https://en.wikipedia.org/wiki/Morlaix_%E2%80%93_Ploujean_Airport,
4224,LFRV,medium_airport,Vannes-Meucon Airport,47.72330093383789,-2.718559980392456,446.0,EU,FR,FR-BRE,Vannes/Meucon,no,LFRV,VNE,,,,
4225,LFRZ,medium_airport,Saint-Nazaire-Montoir Airport,47.3105556,-2.1566667,13.0,EU,FR,FR-PDL,Saint-Nazaire/Montoir,no,LFRZ,SNR,,,,
4226,LFSB,large_airport,EuroAirport Basel-Mulhouse-Freiburg Airport,47.59,7.529167,885.0,EU,FR,FR-GES,Bâle/Mulhouse,yes,LFSB,BSL,,http://www.euroairport.com/,https://en.wikipedia.org/wiki/EuroAirport_Basel-Mulhouse-Freiburg,"MLH, EAP, LSZM"
4228,LFSD,medium_airport,Dijon-Bourgogne Airport,47.268902,5.09,726.0,EU,FR,FR-BFC,Dijon/Longvic,yes,LFSD,DIJ,,http://www.aeroport.dijon.cci.fr/,https://fr.wikipedia.org/wiki/A%C3%A9roport_de_Dijon-Bourgogne,BA 102
4229,LFSF,closed,Metz-Frescaty (BA 128) Air Base,49.071701,6.13167,629.0,EU,FR,FR-GES,Metz/Frescaty,no,LFSF,MZM,,,,
4230,LFSG,medium_airport,Épinal-Mirecourt Airport,48.325001,6.06998,1084.0,EU,FR,FR-GES,Épinal/Mirecourt,no,LFSG,EPL,,http://www.epinal-mirecourt.aeroport.fr,https://en.wikipedia.org/wiki/%C3%89pinal_%E2%80%93_Mirecourt_Airport,
29001,LFSL,medium_airport,Brive-Souillac,45.039722,1.485556,1016.0,EU,FR,FR-NAQ,Brive la Gaillarde,yes,LFSL,BVE,,http://www.aeroport-brive-vallee-dordogne.fr,https://fr.wikipedia.org/wiki/Aéroport_de_Brive-Souillac,LFSL
4234,LFSN,medium_airport,Nancy-Essey Airport,48.69210052490234,6.230460166931152,751.0,EU,FR,FR-GES,Nancy/Essey,no,LFSN,ENC,,,,
30786,LFSQ,closed,Aéroparc de Belfort-Fontaine,47.655602,7.01083,1208.0,EU,FR,FR-BFC,Belfort,no,LFSQ,BOR,,,,
4237,LFSR,closed,Reims-Champagne (BA 112) Air Base,49.310001,4.05,312.0,EU,FR,FR-GES,Reims/Champagne,no,LFSR,RHE,,,,
4238,LFST,medium_airport,Strasbourg Airport,48.53829956054688,7.628230094909668,505.0,EU,FR,FR-GES,Strasbourg,yes,LFST,SXB,,http://www.strasbourg.aeroport.fr/E/index.php,https://en.wikipedia.org/wiki/Strasbourg_Airport,BA 124
29005,LFSZ,closed,Champ de Courses Airfield,48.2239,5.93528,1076.0,EU,FR,FR-GES,Vittel,no,LFSZ,VTL,,,,
4241,LFTH,medium_airport,Toulon-Hyères Airport,43.0973014832,6.14602994919,7.0,EU,FR,FR-PAC,Toulon/Hyères/Le Palyvestre,yes,LFTH,TLN,,http://toulon-hyeres.aeroport.fr/,https://en.wikipedia.org/wiki/Toulon-Hy%C3%A8res_Airport,
4242,LFTW,medium_airport,Nîmes-Arles-Camargue Airport,43.75740051269531,4.4163498878479,309.0,EU,FR,FR-OCC,Nîmes/Garons,yes,LFTW,FNI,,,https://en.wikipedia.org/wiki/N%C3%AEmes-Arles-Camargue_Airport,
4243,LFTZ,small_airport,La Môle Airport,43.205399,6.482,59.0,EU,FR,FR-PAC,La Môle,yes,LFTZ,LTT,,,https://en.wikipedia.org/wiki/La_M%C3%B4le_%E2%80%93_Saint-Tropez_Airport,
4248,LGAD,medium_airport,Andravida Air Base,37.9207,21.292601,55.0,EU,GR,GR-14,Andravida,no,LGAD,PYR,,,,
4249,LGAG,closed,Agrinion Air Base,38.602001,21.3512,154.0,EU,GR,GR-01,Agrinion,no,LGAG,AGQ,,,,Agrinio
4250,LGAL,medium_airport,Alexandroupoli Democritus Airport,40.8559,25.956301,24.0,EU,GR,GR-71,Alexandroupolis,yes,LGAL,AXD,,,https://en.wikipedia.org/wiki/Alexandroupoli_Airport,
29673,LGAT,closed,Athen Helenikon Airport,37.89162,23.730211,69.0,EU,GR,GR-A1,Athens,no,LGAT,HEW,,,,
4251,LGAV,large_airport,Eleftherios Venizelos International Airport,37.9364013672,23.9444999695,308.0,EU,GR,GR-A1,Athens,yes,LGAV,ATH,,http://www.aia.gr,https://en.wikipedia.org/wiki/Athens_International_Airport,
4253,LGBL,medium_airport,Nea Anchialos National Airport,39.219601,22.7943,83.0,EU,GR,GR-43,Nea Anchialos,yes,LGBL,VOL,,,https://en.wikipedia.org/wiki/Nea_Anchialos_National_Airport,"Volos Central Greece Airport, Volos Nea Anchialos Airport of Central Greece"
4255,LGHI,medium_airport,Chios Island National Airport,38.34320068359375,26.140600204467773,15.0,EU,GR,GR-85,Chios Island,yes,LGHI,JKH,,http://www.hcaa-eleng.gr/chios.htm,https://en.wikipedia.org/wiki/Chios_Island_National_Airport,
30281,LGHL,closed,Porto Cheli Airport,37.29891,23.148923,69.0,EU,GR,GR-11,Porto Cheli,no,LGHL,PKH,,,https://en.wikipedia.org/wiki/Porto_Cheli_Airport,"Kanaris Airport, Portokhelion"
4256,LGIK,small_airport,Ikaria Airport,37.6827011108,26.3470993042,79.0,EU,GR,GR-84,Ikaria Island,yes,LGIK,JIK,,,https://en.wikipedia.org/wiki/Ikaria_Island_National_Airport,
4257,LGIO,medium_airport,Ioannina Airport,39.6963996887207,20.82250022888184,1558.0,EU,GR,GR-33,Ioannina,yes,LGIO,IOA,,,https://en.wikipedia.org/wiki/Ioannina_National_Airport,
4258,LGIR,large_airport,Heraklion International Nikos Kazantzakis Airport,35.3396987915,25.1802997589,115.0,EU,GR,GR-91,Heraklion,yes,LGIR,HER,,,https://en.wikipedia.org/wiki/Heraklion_International_Airport%2C_%22Nikos_Kazantzakis%22,Crete Island
4259,LGKA,small_airport,Kastoria National Airport,40.4463005066,21.2821998596,2167.0,EU,GR,GR-56,Kastoria,yes,LGKA,KSO,,,https://en.wikipedia.org/wiki/Kastoria_National_Airport,Aristotelis Airport
4260,LGKC,small_airport,Kithira Airport,36.2742996216,23.0170001984,1045.0,EU,GR,GR-A1,Kithira Island,yes,LGKC,KIT,,,https://en.wikipedia.org/wiki/Kithira_Island_National_Airport,
4261,LGKF,medium_airport,Kefallinia Airport,38.12009811401367,20.5004997253418,59.0,EU,GR,GR-23,Kefallinia Island,yes,LGKF,EFL,,,https://en.wikipedia.org/wiki/Kefalonia_Island_International_Airport,
30014,LGKJ,small_airport,Kastelorizo Airport,36.1417007446,29.576400756799995,489.0,EU,GR,GR-81,Kastelorizo Island,yes,LGKJ,KZS,,,,
4262,LGKL,medium_airport,Kalamata Airport,37.06829833984375,22.02549934387207,26.0,EU,GR,GR-17,Kalamata,yes,LGKL,KLX,,,https://en.wikipedia.org/wiki/Kalamata_International_Airport,
4264,LGKO,medium_airport,Kos Airport,36.79330062866211,27.091699600219727,412.0,EU,GR,GR-81,Kos Island,yes,LGKO,KGS,,,https://en.wikipedia.org/wiki/Kos_Island_International_Airport,
4265,LGKP,medium_airport,Karpathos Airport,35.4213981628418,27.145999908447266,66.0,EU,GR,GR-81,Karpathos Island,yes,LGKP,AOK,,,https://en.wikipedia.org/wiki/Karpathos_Island_National_Airport,
4266,LGKR,medium_airport,Ioannis Kapodistrias International Airport,39.601898193359375,19.911699295043945,6.0,EU,GR,GR-22,Kerkyra Island,yes,LGKR,CFU,,,https://en.wikipedia.org/wiki/Corfu_International_Airport%2C_%26quot%3BIoannis_Kapodistrias%26quot%3B,Corfu
4267,LGKS,small_airport,Kasos Airport,35.4213981628,26.9099998474,35.0,EU,GR,GR-81,Kasos Island,yes,LGKS,KSJ,,,https://en.wikipedia.org/wiki/Kassos_Island_Public_Airport,
4268,LGKV,medium_airport,Kavala Alexander the Great International Airport,40.9133,24.6192,18.0,EU,GR,GR-55,Kavala,yes,LGKV,KVA,,,https://en.wikipedia.org/wiki/Kavala_International_Airport,Megas Alexandros
30004,LGKY,small_airport,Kalymnos Airport,36.9632987976,26.9405994415,771.0,EU,GR,GR-81,Kalymnos Island,yes,LGKY,JKL,,,https://en.wikipedia.org/wiki/Kalymnos_Island_National_Airport,"Kalimnos, Κάλυμνος"
4269,LGKZ,medium_airport,Filippos Airport,40.28609848022461,21.84079933166504,2059.0,EU,GR,GR-58,Kozani,yes,LGKZ,KZI,,,https://en.wikipedia.org/wiki/Kozani_National_Airport_%26quot%3BFilippos%26quot%3B,
4270,LGLE,small_airport,Leros Airport,37.184898,26.800301,39.0,EU,GR,GR-81,Leros Island,yes,LGLE,LRS,,,https://en.wikipedia.org/wiki/Leros_Municipal_Airport,
4271,LGLM,small_airport,Limnos Airport,39.917098999,25.236299514799995,14.0,EU,GR,GR-83,Limnos Island,yes,LGLM,LXS,,,https://en.wikipedia.org/wiki/Lemnos_International_Airport,
4272,LGLR,small_airport,Larisa Air Base,39.650253,22.4655,241.0,EU,GR,GR-42,Larisa,no,LGLR,LRA,,,https://en.wikipedia.org/wiki/Larissa_National_Airport,
4274,LGMK,medium_airport,Mikonos Airport,37.43510055541992,25.348100662231445,405.0,EU,GR,GR-82,Mykonos Island,yes,LGMK,JMK,,,https://en.wikipedia.org/wiki/Mykonos_Island_National_Airport,
30139,LGML,small_airport,Milos Airport,36.696899,24.4769,10.0,EU,GR,GR-82,Milos Island,yes,LGML,MLO,,,https://en.wikipedia.org/wiki/Milos_Island_National_Airport,
4275,LGMT,medium_airport,Mytilene International Airport,39.0567016602,26.5983009338,60.0,EU,GR,GR-83,Mytilene,yes,LGMT,MJT,,,https://en.wikipedia.org/wiki/Mytilene_International_Airport,
30182,LGNX,small_airport,Naxos Apollon Airport,37.0811,25.368099,10.0,EU,GR,GR-82,Naxos,yes,LGNX,JNX,,,,
30243,LGPA,small_airport,Paros National Airport,37.020495,25.113195,131.0,EU,GR,GR-82,Paros,yes,LGPA,PAS,,,https://en.wikipedia.org/wiki/New_Paros_Airport,New Paros Airport
4276,LGPL,small_airport,Astypalaia Airport,36.5798988342,26.3757991791,165.0,EU,GR,GR-81,Astypalaia Island,yes,LGPL,JTY,,,https://en.wikipedia.org/wiki/Astypalaia_Island_National_Airport,
4277,LGPZ,medium_airport,Aktion National Airport,38.92549896240234,20.765300750732425,11.0,EU,GR,GR-34,Preveza/Lefkada,yes,LGPZ,PVK,,,https://en.wikipedia.org/wiki/Aktion_National_Airport,"Aktio, Lefkada Airport, Πρέβεζα, Λευκάδα"
4279,LGRP,medium_airport,Diagoras Airport,36.405399322509766,28.086200714111328,17.0,EU,GR,GR-81,Rodes Island,yes,LGRP,RHO,,,https://en.wikipedia.org/wiki/Rhodes_International_Airport%2C_%26quot%3BDiagoras%26quot%3B,
4280,LGRX,medium_airport,Patras Araxos Agamemnon Airport,38.1511,21.4256,46.0,EU,GR,GR-13,Patras,yes,LGRX,GPA,,http://www.araxos-airport.gr/,https://en.wikipedia.org/wiki/Araxos_Airport,
4281,LGSA,medium_airport,Chania International Airport,35.531700134277344,24.14970016479492,490.0,EU,GR,GR-94,Souda,yes,LGSA,CHQ,,,https://en.wikipedia.org/wiki/Chania_International_Airport,
4282,LGSK,medium_airport,Skiathos Island National Airport,39.17710113525391,23.503700256347656,54.0,EU,GR,GR-43,Skiathos,yes,LGSK,JSI,,,https://en.wikipedia.org/wiki/Skiathos_Island_National_Airport,Alexandros Papadiamantis Airport
4283,LGSM,medium_airport,Samos Airport,37.68999862670898,26.911699295043945,19.0,EU,GR,GR-84,Samos Island,yes,LGSM,SMI,,,https://en.wikipedia.org/wiki/Samos_International_Airport,
4284,LGSO,small_airport,Syros Airport,37.4227981567,24.9508991241,236.0,EU,GR,GR-82,Syros Island,yes,LGSO,JSY,,,https://en.wikipedia.org/wiki/Syros_Island_National_Airport,
4285,LGSP,small_airport,Sparti Airport,36.973899841308594,22.52630043029785,500.0,EU,GR,GR-16,Sparti,no,LGSP,SPJ,,,,
4286,LGSR,medium_airport,Santorini Airport,36.399200439453125,25.47929954528809,127.0,EU,GR,GR-82,Santorini Island,yes,LGSR,JTR,,,https://en.wikipedia.org/wiki/Santorini_(Thira)_National_Airport,
4287,LGST,medium_airport,Sitia Airport,35.21609878540039,26.101299285888672,376.0,EU,GR,GR-92,Crete Island,yes,LGST,JSH,,,https://en.wikipedia.org/wiki/Sitia_Public_Airport,
4289,LGSY,small_airport,Skiros Airport,38.9676017761,24.4871997833,44.0,EU,GR,GR-04,Skiros Island,yes,LGSY,SKU,,,https://en.wikipedia.org/wiki/Skyros_Island_National_Airport,
4293,LGTS,large_airport,Thessaloniki Macedonia International Airport,40.51969909667969,22.97089958190918,22.0,EU,GR,GR-54,Thessaloniki,yes,LGTS,SKG,,,https://en.wikipedia.org/wiki/Thessaloniki_International_Airport%2C_%22Macedonia%22,Makedonia. Macedonia. Salonica
4295,LGZA,medium_airport,"Zakynthos International Airport ""Dionysios Solomos""",37.7509,20.8843,15.0,EU,GR,GR-21,Zakynthos Island,yes,LGZA,ZTH,,https://www.zth-airport.gr,https://en.wikipedia.org/wiki/Zakynthos_International_Airport,
4296,LHBP,large_airport,Budapest Liszt Ferenc International Airport,47.42976,19.261093,495.0,EU,HU,HU-PE,Budapest,yes,LHBP,BUD,,http://www.bud.hu/english,https://en.wikipedia.org/wiki/Budapest_Ferenc_Liszt_International_Airport,"Ferihegyi nemzetközi repülőtér, Budapest Liszt Ferenc international Airport"
4297,LHDC,medium_airport,Debrecen International Airport,47.48889923095703,21.61529922485352,359.0,EU,HU,HU-HB,Debrecen,yes,LHDC,DEB,,http://www.airportdebrecen.hu/,https://en.wikipedia.org/wiki/Debrecen_International_Airport,Debreceni nemzetközi repülőtér
30143,LHMC,small_airport,Miskolc Airport,48.13690185546875,20.791400909423828,390.0,EU,HU,HU-BZ,Miskolc,no,LHMC,MCQ,,http://www.lhmc.hu/,https://en.wikipedia.org/wiki/Miskolc_Airport,
4302,LHPP,medium_airport,Pécs-Pogány Airport,45.990898,18.240996,1000.0,EU,HU,HU-BA,Pécs-Pogány,no,LHPP,PEV,,http://www.airport-pecs.hu/,https://en.wikipedia.org/wiki/P%C3%A9cs-Pog%C3%A1ny_International_Airport,Pecs South Airport
4305,LHSM,medium_airport,Hévíz–Balaton Airport,46.686391,17.159084,408.0,EU,HU,HU-ZA,Sármellék,yes,LHSM,SOB,,http://www.flybalaton.com/?null&lang=en,https://en.wikipedia.org/wiki/S%C3%A1rmell%C3%A9k_International_Airport,"Sármellék International, FlyBatalon Airport, Batalon Airport, Sármellék Nemzetközi Repülőtér"
30003,LHTA,medium_airport,Taszár Air Base,46.39310073852539,17.917499542236328,531.0,EU,HU,HU-SO,Taszár,no,LHTA,TZR,,,,Kaland Taszar
4307,LIAP,small_airport,L'Aquila–Preturo Airport,42.379902,13.3092,2211.0,EU,IT,IT-65,L'Aquila,no,LIAP,QAQ,AQ03,http://www.aeroportodeiparchi.it/,https://en.wikipedia.org/wiki/L%27Aquila%E2%80%93Preturo_Airport,"Parchi Airport, Preturo Airport, Aeroporto dei Parchi di I'Aquila Preturo"
4309,LIBC,medium_airport,Crotone Airport,38.9972,17.0802,522.0,EU,IT,IT-78,Crotone,yes,LIBC,CRV,KR01,http://www.aeroporto.kr.it/cartaservizi_eng.asp,https://en.wikipedia.org/wiki/Crotone_Airport,Sant'Anna Airport
4310,LIBD,large_airport,Bari Karol Wojtyła Airport,41.138901,16.760599,177.0,EU,IT,IT-75,Bari,yes,LIBD,BRI,BA02,http://www.seap-puglia.it/default.asp?idlingua=2&idcontenuto=25,https://en.wikipedia.org/wiki/Bari_Karol_Wojty%C5%82a_Airport,"Bari ""Karol Wojtyla"" International Airport, Palese Macchie Airport, Palese Airport"
4311,LIBF,medium_airport,"Foggia ""Gino Lisa"" Airport",41.432899,15.535,265.0,EU,IT,IT-75,Foggia,yes,LIBF,FOG,FG05,,https://en.wikipedia.org/wiki/Foggia_%22Gino_Lisa%22_Airport,Foggia Airport
4312,LIBG,medium_airport,"Taranto-Grottaglie ""Marcello Arlotta"" Airport",40.517502,17.4032,215.0,EU,IT,IT-75,Grottaglie,no,LIBG,TAR,TA02,,https://en.wikipedia.org/wiki/Taranto-Grottaglie_Airport,"M Arlotta, Taranto-Grottaglie Airport, Grottaglie Airport"
4313,LIBN,medium_airport,Lecce Galatina Air Base,40.239201,18.133301,156.0,EU,IT,IT-75,,no,LIBN,LCC,LE08,,https://en.wikipedia.org/wiki/Lecce_Galatina_Air_Base,Galatina
4314,LIBP,medium_airport,Abruzzo Airport,42.431702,14.1811,48.0,EU,IT,IT-65,Pescara,yes,LIBP,PSR,PE01,http://www.abruzzo-airport.it/eng/index.php,https://en.wikipedia.org/wiki/Abruzzo_Airport,"Pescara, Abruzzo Pasquale Liberi International"
4315,LIBR,medium_airport,Brindisi Airport,40.6576,17.947001,47.0,EU,IT,IT-75,Brindisi,yes,LIBR,BDS,BR03,http://www.seap-puglia.it/default.asp?idlingua=2&idcontenuto=29,https://en.wikipedia.org/wiki/Brindisi_Airport,"Brindisi Papola Casale Airport, Brindisi Salento Airport, Brindisi Casale Antonio Papolo Airport, Salento Airport"
4317,LICA,medium_airport,Lamezia Terme Airport,38.905399,16.2423,39.0,EU,IT,IT-78,Lamezia Terme (CZ),yes,LICA,SUF,CZ02,,https://en.wikipedia.org/wiki/Lamezia_Terme_International_Airport,
298716,LICB,medium_airport,Comiso Airport,36.994601,14.607182,623.0,EU,IT,IT-82,Comiso,yes,LICB,CIY,RG06,http://www.aeroportodicomiso.it/,https://en.wikipedia.org/wiki/Comiso_Airport,"Vincenzo Magliocco Airport, Aeroporto di Comiso"
4318,LICC,large_airport,Catania-Fontanarossa Airport,37.466801,15.0664,39.0,EU,IT,IT-82,Catania,yes,LICC,CTA,CT03,http://www.aeroporto.catania.it/,https://en.wikipedia.org/wiki/Catania-Fontanarossa_Airport,"Lanza Di Trabie, Catania-Fontanarossa Vincenzo Bellini"
4319,LICD,medium_airport,Lampedusa Airport,35.497898,12.6181,70.0,EU,IT,IT-82,Lampedusa,yes,LICD,LMP,AG01,,https://en.wikipedia.org/wiki/Lampedusa_Airport,
4320,LICG,medium_airport,Pantelleria Airport,36.816502,11.9689,628.0,EU,IT,IT-82,Pantelleria (TP),yes,LICG,PNL,TP02,,https://en.wikipedia.org/wiki/Pantelleria_Airport,I D'Amico
4321,LICJ,large_airport,Falcone–Borsellino Airport,38.175999,13.091,65.0,EU,IT,IT-82,Palermo,yes,LICJ,PMO,PA03,http://www.gesap.it/index.php,https://en.wikipedia.org/wiki/Falcone%E2%80%93Borsellino_Airport,"Palermo Airport, Punta Raisi Airport"
4323,LICR,medium_airport,Reggio Calabria Airport,38.071201,15.6516,96.0,EU,IT,IT-78,Reggio Calabria,yes,LICR,REG,RC01,,https://en.wikipedia.org/wiki/Reggio_Calabria_Airport,Tito Minniti
4324,LICT,medium_airport,Vincenzo Florio Airport Trapani-Birgi,37.9114,12.488,25.0,EU,IT,IT-82,Trapani (TP),yes,LICT,TPS,TP01,,https://en.wikipedia.org/wiki/Vincenzo_Florio_Airport_Trapani%E2%80%93Birgi,"Vincenzo Florio Airport, Trapani Airport, Aeroporto Vincenzo Florio di Trapani-Birgi"
4325,LICZ,medium_airport,Sigonella Navy Air Base,37.401699,14.9224,79.0,EU,IT,IT-82,Sigonella (CT),no,LICZ,NSY,CT04,,,C Di Palma
29417,LIDB,small_airport,Belluno Airport,46.166549,12.250389,1240.0,EU,IT,IT-34,Belluno (BL),no,LIDB,BLX,BL05,http://www.aeroclubbelluno.org/,https://en.wikipedia.org/wiki/Belluno_Airport,
31824,LIDI,closed,Cortina Airport,46.573001861600005,12.1180000305,4213.0,EU,IT,IT-34,Cortina D'Ampezzo,no,LIDI,CDF,,,https://en.wikipedia.org/wiki/Cortina_Airport,Fiames Airport
4328,LIDR,small_airport,Ravenna Airport,44.36391,12.224978,1.0,EU,IT,IT-45,Ravenna,no,LIDR,RAN,RA06,http://www.aeroclubravenna.com,https://en.wikipedia.org/wiki/Ravenna%20Airport,"Foligno, Gastone Novelli, Ravenna Aero Club"
4330,LIEA,medium_airport,Alghero-Fertilia Airport,40.632099,8.29077,87.0,EU,IT,IT-88,Alghero,yes,LIEA,AHO,SS02,http://www.aeroportodialghero.it/home_en.asp,https://en.wikipedia.org/wiki/Alghero-Fertilia_Airport,"Alghero Airport, Sardinia, Alghero - Riviera del Corallo Airport"
4331,LIED,medium_airport,Decimomannu Air Base,39.354198,8.97248,100.0,EU,IT,IT-88,Decimomannu,no,LIED,DCI,CA12,,,G. Farina
4332,LIEE,large_airport,Cagliari Elmas Airport,39.251499,9.05428,13.0,EU,IT,IT-88,Cagliari,yes,LIEE,CAG,CA07,http://www.cagliariairport.it/en/,https://en.wikipedia.org/wiki/Cagliari_Elmas_Airport,"Cagliari Airport,Elmas"
4333,LIEO,medium_airport,Olbia Costa Smeralda Airport,40.898701,9.51763,37.0,EU,IT,IT-88,Olbia (SS),yes,LIEO,OLB,SS03,,https://en.wikipedia.org/wiki/Olbia_Costa_Smeralda_Airport,
29424,LIER,small_airport,Oristano-Fenosu Airport,39.895308,8.642661,36.0,EU,IT,IT-88,Oristano,no,LIER,FNU,OR01,http://www.sogeaor.it,http://it.wikipedia.org/wiki/Aeroporto_di_Oristano-Fenosu,QOS
4334,LIET,medium_airport,Tortolì Airport,39.9188,9.68298,23.0,EU,IT,IT-88,Arbatax,no,LIET,TTB,NU01,,https://en.wikipedia.org/wiki/Tortol%C3%AC_Airport,Tortolì-Arbatax airport
4340,LIMC,large_airport,Malpensa International Airport,45.6306,8.72811,768.0,EU,IT,IT-25,Milan,yes,LIMC,MXP,MI12,http://www.sea-aeroportimilano.it/en/malpensa/index.phtml,https://en.wikipedia.org/wiki/Malpensa_Airport,MIL
4341,LIME,large_airport,Milan Bergamo Airport,45.673901,9.70417,782.0,EU,IT,IT-25,Milan,yes,LIME,BGY,BG01,http://www.sacbo.it/,https://en.wikipedia.org/wiki/Orio_al_Serio_International_Airport,"Bergamo Orio al Serio Airport, Il Caravaggio International Airport"
4342,LIMF,large_airport,Turin Airport,45.200802,7.64963,989.0,EU,IT,IT-21,Torino,yes,LIMF,TRN,TO11,http://www.aeroportoditorino.it/,https://en.wikipedia.org/wiki/Turin_International_Airport,"Torino-Caselle Airport, Sandro Pertini Airport, Turin-Caselle Airport"
4343,LIMG,medium_airport,Villanova D'Albenga International Airport,44.050598,8.12743,148.0,EU,IT,IT-42,Albenga (SV),no,LIMG,ALL,SV01,http://www.rivierairport.it/,https://en.wikipedia.org/wiki/Villanova_d'Albenga_International_Airport,C. Panero Airport
4344,LIMJ,large_airport,Genoa Cristoforo Colombo Airport,44.4133,8.8375,13.0,EU,IT,IT-42,Genova,yes,LIMJ,GOA,GE01,http://www.aeroportodigenova.com/en/home/index.php,https://en.wikipedia.org/wiki/Genoa_Cristoforo_Colombo_Airport,"Genova Sestri, Sestri Cristoforo Colombo Airport, Cristoforo Colombo Airport"
4345,LIML,medium_airport,Milano Linate Airport,45.445099,9.27674,353.0,EU,IT,IT-25,Milan,yes,LIML,LIN,MI11,http://www.sea-aeroportimilano.it/en/,https://en.wikipedia.org/wiki/Linate_Airport,E Forlanini
4347,LIMP,medium_airport,Parma Airport,44.824501,10.2964,161.0,EU,IT,IT-45,Parma,yes,LIMP,PMF,PR03,,https://en.wikipedia.org/wiki/Parma_Airport,
4349,LIMW,medium_airport,Aosta Airport,45.738499,7.36872,1791.0,EU,IT,IT-23,Aosta,no,LIMW,AOT,AO01,http://www.avda-aosta.it/,https://en.wikipedia.org/wiki/Aosta_Airport,
4350,LIMZ,medium_airport,Cuneo International Airport,44.547001,7.62322,1267.0,EU,IT,IT-21,Cuneo,yes,LIMZ,CUF,CN03,http://www.aeroporto.cuneo.it/,https://en.wikipedia.org/wiki/Cuneo_International_Airport,"Cuneo Levaldigi Airport, Turin Cuneo Airport"
29443,LIPA,medium_airport,Aviano Air Base,46.031898,12.596503,410.0,EU,IT,IT-36,Aviano (PN),no,LIPA,AVB,PN07,http://www.aviano.af.mil/,https://en.wikipedia.org/wiki/Aviano_Air_Base,"Pagliano e Gori Airport, LIYW"
4352,LIPB,medium_airport,Bolzano Airport,46.460201,11.3264,789.0,EU,IT,IT-32,Bolzano,yes,LIPB,BZO,BZ01,http://www.abd-airport.it/en/home.htm,https://en.wikipedia.org/wiki/Bolzano_Airport,G Sabelli
29434,LIPD,small_airport,Udine-Campoformido Air Base,46.0322,13.1868,305.0,EU,IT,IT-36,Udine,no,LIPD,UDN,UD07,,,
4354,LIPE,large_airport,Bologna Guglielmo Marconi Airport,44.5354,11.2887,123.0,EU,IT,IT-45,Bologna,yes,LIPE,BLQ,BO08,http://www.bologna-airport.it/?LN=UK,https://en.wikipedia.org/wiki/Bologna_Airport,"Guglielmo Marconi Airport, Borgo Panigale Airport"
4355,LIPH,medium_airport,Treviso-Sant'Angelo Airport,45.648399,12.1944,59.0,EU,IT,IT-34,Treviso,yes,LIPH,TSF,TV01,http://www.trevisoairport.it/tsf/index.jsp?_requestid=677517&language=en,https://en.wikipedia.org/wiki/Treviso_Airport,"Venice, Antonio Canova Terminal, Treviso Airport"
4357,LIPK,medium_airport,Forlì Airport,44.194801,12.0701,97.0,EU,IT,IT-45,Forlì (FC),yes,LIPK,FRL,FC03,,https://en.wikipedia.org/wiki/Forl%C3%AC_Airport,"L Ridolfi, Ronco di Forlì"
4360,LIPO,medium_airport,Brescia Airport,45.428902,10.3306,355.0,EU,IT,IT-25,Montichiari (BS),yes,LIPO,VBS,BS04,http://www.aeroportobrescia.it/en/business_t6/,https://en.wikipedia.org/wiki/Brescia_Airport,Brescia Airport Gabriele D'Annunzio
4361,LIPQ,medium_airport,Trieste–Friuli Venezia Giulia Airport,45.827499,13.4722,39.0,EU,IT,IT-36,Trieste,yes,LIPQ,TRS,GO02,http://www.aeroporto.fvg.it/,https://en.wikipedia.org/wiki/Trieste_%E2%80%93_Friuli_Venezia_Giulia_Airport,"Ronchi Dei Legionari Airport, Trieste-Ronchi dei Legionari Airport"
4362,LIPR,medium_airport,Federico Fellini International Airport,44.020302,12.6117,40.0,EU,IT,IT-45,Rimini,yes,LIPR,RMI,RN01,http://www.riminiairport.com/english/,https://en.wikipedia.org/wiki/Federico_Fellini_International_Airport,Rimini Miramare Airport
4364,LIPT,closed,Vicenza Airport,45.573399,11.5295,128.0,EU,IT,IT-34,Vicenza,no,LIPT,VIC,,,,T Dal Molin
4365,LIPU,medium_airport,Padova Airport,45.395802,11.8479,44.0,EU,IT,IT-34,Padova,no,LIPU,QPA,PD11,,,
4366,LIPX,large_airport,Verona Villafranca Airport,45.395699,10.8885,239.0,EU,IT,IT-34,Verona,yes,LIPX,VRN,VR10,http://www.aeroportoverona.it/,https://en.wikipedia.org/wiki/Verona_Airport,"Valerio Catullo, Villafranca International Airport, Valerio Catullo Airport, Villafranca Airport"
4367,LIPY,medium_airport,Marche Airport,43.616299,13.3623,49.0,EU,IT,IT-57,Ancona,yes,LIPY,AOI,AN01,http://www.aeroportomarche.com/index.php?lang=english,https://en.wikipedia.org/wiki/Marche_Airport,"Ancona Falconara Airport, Falconara, Raffaello Sanzio Airport"
4368,LIPZ,large_airport,Venice Marco Polo Airport,45.505299,12.3519,7.0,EU,IT,IT-34,Venice,yes,LIPZ,VCE,VE05,http://www.veniceairport.com/core/index.jsp?_requestid=37300&language=en,https://en.wikipedia.org/wiki/Venice_Marco_Polo_Airport,Venezia Tessera
29440,LIQL,small_airport,Lucca-Tassignano Airport,43.825825,10.577928,39.0,EU,IT,IT-52,Lucca,no,LIQL,LCV,LU02,,http://it.wikipedia.org/wiki/Aeroporto_di_Lucca-Tassignano,Enrico Squaglia Airport
30337,LIQN,small_airport,Rieti Airport,42.4272,12.8517,1278.0,EU,IT,IT-62,Rieti,no,LIQN,QRT,RI01,,,
4369,LIQS,medium_airport,Siena-Ampugnano Airport,43.256302,11.255,634.0,EU,IT,IT-52,Siena,no,LIQS,SAY,SI01,,https://en.wikipedia.org/wiki/Siena-Ampugnano_Airport,Malignano Airfield
29441,LIQW,medium_airport,Sarzana-Luni Air Base,44.088001,9.98795,45.0,EU,IT,IT-42,Sarzana (SP),no,LIQW,QLP,SP01,,http://it.wikipedia.org/wiki/Aeroporto_di_Sarzana-Luni,Bartolomeo Arrigoni
4370,LIRA,medium_airport,Ciampino–G. B. Pastine International Airport,41.7994,12.5949,427.0,EU,IT,IT-62,Rome,yes,LIRA,CIA,RM12,,https://en.wikipedia.org/wiki/Ciampino%E2%80%93G._B._Pastine_International_Airport,"ROM, Giovan Battista Pastine Airport"
4372,LIRF,large_airport,Leonardo da Vinci–Fiumicino Airport,41.8002778,12.2388889,13.0,EU,IT,IT-62,Rome,yes,LIRF,FCO,RM11,http://www.adr.it/portal/portal/adr/Fiumicino/Leonardo_da_vinci/Header_Window?action=2,https://en.wikipedia.org/wiki/Leonardo_da_Vinci%E2%80%93Fiumicino_Airport,"ROM, Rome Fiumicino Airport, Fiumicino Airport"
4374,LIRI,medium_airport,Salerno Costa d'Amalfi Airport,40.620399,14.9113,119.0,EU,IT,IT-72,Salerno,no,LIRI,QSR,SA02,http://www.aeroportosalerno.it/,https://en.wikipedia.org/wiki/Salerno_Costa_d%27Amalfi_Airport,"Mario Martucci Airport, Aeroporto di Salerno Costa d'Amalfi, Salerno-Pontecagnano Airport"
4375,LIRJ,medium_airport,Marina Di Campo Airport,42.7603,10.2394,31.0,EU,IT,IT-52,Marina  Di Campo,yes,LIRJ,EBA,LI04,,https://en.wikipedia.org/wiki/Marina_di_Campo_Airport,
4376,LIRL,medium_airport,Latina Air Base,41.5424,12.909,94.0,EU,IT,IT-62,Latina,no,LIRL,QLT,LT02,,https://it.wikipedia.org/wiki/Aeroporto_di_Latina,E Comani
4378,LIRN,large_airport,Naples International Airport,40.886002,14.2908,294.0,EU,IT,IT-72,Nápoli,yes,LIRN,NAP,NA01,http://www.portal.gesac.it/,https://en.wikipedia.org/wiki/Naples_International_Airport,"Capodichino Airport, Aeroporto di Napoli-Capodichino, Aeroporto Internazionale di Napoli"
4379,LIRP,large_airport,Pisa International Airport,43.683899,10.3927,6.0,EU,IT,IT-52,Pisa,yes,LIRP,PSA,PI05,http://www.pisa-airport.com/,https://en.wikipedia.org/wiki/Pisa_International_Airport,"Galileo Galilei Airport, San Giusto Airport"
4380,LIRQ,medium_airport,Peretola Airport,43.810001,11.2051,142.0,EU,IT,IT-52,Firenze,yes,LIRQ,FLR,FI04,http://www.aeroporto.firenze.it/,"https://en.wikipedia.org/wiki/Florence_Airport,_Peretola","Florence, Firenze, Amerigo Vespucci Airport"
4381,LIRS,medium_airport,Grosseto Air Base,42.759701,11.0719,17.0,EU,IT,IT-52,Grosetto,no,LIRS,GRS,GR06,,,C Baccarini
4384,LIRZ,medium_airport,Perugia San Francesco d'Assisi – Umbria International Airport,43.095901,12.5132,697.0,EU,IT,IT-55,Perugia,yes,LIRZ,PEG,PG10,http://www.airport.umbria.it/,https://en.wikipedia.org/wiki/San_Egidio_Airport,"Perugia San Francesco d'Assisi, Perugia Sant'Egidio Airport, Umbria International Airport"
4386,LJLJ,large_airport,Ljubljana Jože Pučnik Airport,46.223701,14.4576,1273.0,EU,SI,SI-061,Ljubljana,yes,LJLJ,LJU,,http://www.lju-airport.si/,https://en.wikipedia.org/wiki/Ljubljana_Jo%C5%BEe_Pu%C4%8Dnik_Airport,"Ljubljana, Brnik, Kranj"
4387,LJMB,medium_airport,Maribor Airport,46.4799,15.6861,876.0,EU,SI,SI-070,,no,LJMB,MBX,,,https://en.wikipedia.org/wiki/Maribor_Airport,
4388,LJPZ,medium_airport,Portorož Airport,45.4734,13.615,7.0,EU,SI,SI-090,Portorož,no,LJPZ,POW,,http://www.portoroz-airport.si/,https://en.wikipedia.org/wiki/Portoro%C5%BE_Airport,Sečovlje
29956,LKHO,closed,Holešov Airport,49.3143997,17.5688992,761.0,EU,CZ,CZ-ZL,Holešov,no,LKHO,GTW,,,https://en.wikipedia.org/wiki/Hole%C5%A1ov_Airport,
4398,LKKU,medium_airport,Kunovice Airport,49.02939987182617,17.439699172973633,581.0,EU,CZ,CZ-ZL,Uherské Hradiště,no,LKKU,UHE,,,https://en.wikipedia.org/wiki/Kunovice_Airport,Letiště Kunovice
4399,LKKV,medium_airport,Karlovy Vary International Airport,50.20299911499024,12.914999961853027,1989.0,EU,CZ,CZ-KA,Karlovy Vary,yes,LKKV,KLV,,http://www.airport-k-vary.cz/indexEN.php,https://en.wikipedia.org/wiki/Karlovy_Vary_International_Airport,
30118,LKMR,small_airport,Mariánské Lázně Airport,49.922798156738,12.72469997406,1772.0,EU,CZ,CZ-KA,Mariánské Lázně,no,LKMR,MKA,,,https://en.wikipedia.org/wiki/Mari%C3%A1nsk%C3%A9_L%C3%A1zn%C4%9B_Airport,
4402,LKMT,medium_airport,Ostrava Leos Janáček Airport,49.6963005065918,18.111099243164062,844.0,EU,CZ,CZ-MO,Ostrava,yes,LKMT,OSR,,http://www.airport-ostrava.cz/en/,https://en.wikipedia.org/wiki/Ostrava_Leos_Janacek_Airport,Ostrava-Mošnov International Airport
30212,LKOL,small_airport,Olomouc Airport,49.587799,17.2108,869.0,EU,CZ,CZ-OL,Olomouc,no,LKOL,OLO,,http://www.lkol.cz,https://cs.wikipedia.org/wiki/Letiště_Olomouc,
4405,LKPD,medium_airport,Pardubice Airport,50.01340103149414,15.73859977722168,741.0,EU,CZ,CZ-PA,Pardubice,yes,LKPD,PED,,http://www.airport-pardubice.cz/?lang=en,https://en.wikipedia.org/wiki/Pardubice_Airport,Letiště Pardubice
4407,LKPO,medium_airport,Přerov Air Base,49.42580032348633,17.404699325561523,676.0,EU,CZ,CZ-OL,Přerov,no,LKPO,PRV,,,,
4408,LKPR,large_airport,Václav Havel Airport Prague,50.1008,14.26,1247.0,EU,CZ,CZ-PR,Prague,yes,LKPR,PRG,,http://www.prg.aero,https://en.wikipedia.org/wiki/Ruzyn%C4%9B_International_Airport,"Letiště Praha-Ruzyně, Ruzyně International Airport, Letiště Václava Havla Praha"
4409,LKTB,medium_airport,Brno-Tuřany Airport,49.15129852294922,16.694400787353516,778.0,EU,CZ,CZ-JM,Brno,yes,LKTB,BRQ,,http://www.airport-brno.cz/index.php?id=0&lang=en,https://en.wikipedia.org/wiki/Brno-Tu%C5%99any_Airport,
4410,LKVO,medium_airport,Vodochody Airport,50.216599,14.3958,919.0,EU,CZ,CZ-ST,Vodochody,no,LKVO,VOD,,http://www.lkvo.cz,https://en.wikipedia.org/wiki/Vodochody_Airport,
30572,LKZA,small_airport,Zabreh Ostrava Airport,49.92829895019531,18.07830047607422,791.0,EU,CZ,CZ-MO,Zabreh,no,LKZA,ZBE,,,,
35207,LMMG,heliport,Xewkija Heliport,36.027199,14.2728,,EU,MT,MT-62,Gozo,yes,LMMG,GZM,,,,
4427,LMML,large_airport,Malta International Airport,35.857498,14.4775,300.0,EU,MT,MT-25,Valletta,yes,LMML,MLA,,http://www.maltairport.com/en/home.htm,https://en.wikipedia.org/wiki/Malta_International_Airport,"Luqa Airport,Valletta,Gudja,RAF Luqa"
30153,LNMC,heliport,Monaco Heliport,43.725798,7.419673,20.0,EU,MC,MC-U-A,Fontvieille,yes,LNMC,MCM,,,https://en.wikipedia.org/wiki/Monaco_Heliport,"Monte Carlo Heliport, Heli Air Monaco"
29458,LOIH,small_airport,Hohenems-Dornbirn Airfield,47.384998,9.7,1352.0,EU,AT,AT-8,Hohenems / Dornbirn,no,LOIH,HOH,,http://www.loih.at/,http://de.wikipedia.org/wiki/Flugplatz_Hohenems-Dornbirn,
4430,LOWG,medium_airport,Graz Airport,46.9911,15.4396,1115.0,EU,AT,AT-6,Graz (Feldkirchen bei Graz),yes,LOWG,GRZ,,http://www.flughafen-graz.at/,https://en.wikipedia.org/wiki/Graz_Airport,"Thalerhof Airport, Fliegerhorst Nittner, Nittner Air Base"
4431,LOWI,medium_airport,Innsbruck Airport,47.260201,11.344,1907.0,EU,AT,AT-7,Innsbruck,yes,LOWI,INN,,http://www.innsbruck-airport.com/,https://en.wikipedia.org/wiki/Innsbruck_Airport,Kranebitten Airport
4435,LOWK,medium_airport,Klagenfurt Airport,46.642502,14.3377,1472.0,EU,AT,AT-2,Klagenfurt am Wörthersee,yes,LOWK,KLU,,http://www.klagenfurt-airport.com/,https://en.wikipedia.org/wiki/Klagenfurt_Airport,Kärnten Airport
4432,LOWL,medium_airport,Linz-Hörsching Airport / Vogler Air Base,48.2332,14.1875,980.0,EU,AT,AT-4,Linz,yes,LOWL,LNZ,,http://www.flughafen-linz.at/,https://en.wikipedia.org/wiki/Linz_Airport,"Blue Danube Airport, Vogler Air Base, Fliegerhorst Vogler"
4433,LOWS,medium_airport,Salzburg Airport,47.7933006287,13.0043001175,1411.0,EU,AT,AT-5,Salzburg,yes,LOWS,SZG,,http://www.salzburg-airport.com/,https://en.wikipedia.org/wiki/Salzburg_Airport,
4434,LOWW,large_airport,Vienna International Airport,48.110298,16.5697,600.0,EU,AT,AT-9,Vienna,yes,LOWW,VIE,,http://www.viennaairport.com/en/,https://en.wikipedia.org/wiki/Vienna_International_Airport,
4437,LPAR,medium_airport,Alverca Air Base,38.883301,-9.0301,11.0,EU,PT,PT-11,Vila Franca de Xira,no,LPAR,AVR,,,,Alverca Airbase
4439,LPAZ,medium_airport,Santa Maria Airport,36.97140121459961,-25.17060089111328,308.0,EU,PT,PT-20,Vila do Porto,yes,LPAZ,SMA,,,https://en.wikipedia.org/wiki/Santa_Maria_Airport,
4440,LPBG,medium_airport,Bragança Airport,41.8578,-6.70713,2241.0,EU,PT,PT-04,Bragança,yes,LPBG,BGC,,,https://en.wikipedia.org/wiki/Bragan%C3%A7a_Airport,
4441,LPBJ,medium_airport,Beja Airport / Airbase,38.078899,-7.9324,636.0,EU,PT,PT-02,Beja,no,LPBJ,BYJ,,http://www.ana.pt/en-US/Aeroportos/alentejo/Beja/Pages/BejaHomepage.aspx,https://en.wikipedia.org/wiki/Beja_Airbase,"Beja Air Base, Base Aérea de Beja, Base Aérea Nº 11, BA11"
4442,LPBR,medium_airport,Braga Municipal Aerodrome,41.5871009827,-8.445139884949999,247.0,EU,PT,PT-03,Braga,no,LPBR,BGZ,,http://www.pelicano.com.pt/zp_braga.html,http://pt.wikipedia.org/wiki/Aer%C3%B3dromo_de_Braga,Aeródromo Municipal de Braga
29486,LPCH,small_airport,Aerodromo de Chaves,41.722356,-7.463064,1181.0,EU,PT,PT-17,Chaves,no,LPCH,CHV,,,https://en.wikipedia.org/wiki/Chaves_Airport,
29487,LPCR,small_airport,Corvo Airport,39.671501,-31.1136,,EU,PT,PT-20,Corvo,yes,LPCR,CVU,,,https://en.wikipedia.org/wiki/Corvo_Airport,
4444,LPCS,medium_airport,Cascais Airport,38.724998,-9.35523,325.0,EU,PT,PT-11,Cascais,yes,LPCS,CAT,,http://aerodromo-cascais.pt/?lang=en,https://en.wikipedia.org/wiki/Cascais_Aerodrome,
4447,LPFL,medium_airport,Flores Airport,39.455299377441406,-31.13139915466309,112.0,EU,PT,PT-20,Santa Cruz das Flores,yes,LPFL,FLW,,,https://en.wikipedia.org/wiki/Flores_Airport,
4448,LPFR,large_airport,Faro Airport,37.0144004822,-7.96590995789,24.0,EU,PT,PT-08,Faro,yes,LPFR,FAO,,http://www.ana.pt/en-US/Aeroportos/algarve/Faro/Pages/HomeFaro.aspx,https://en.wikipedia.org/wiki/Faro_Airport_(Portugal),
4449,LPGR,medium_airport,Graciosa Airport,39.09220123291016,-28.029800415039062,86.0,EU,PT,PT-20,Santa Cruz da Graciosa,yes,LPGR,GRW,,,https://en.wikipedia.org/wiki/Graciosa_Airport,
4450,LPHR,medium_airport,Horta Airport,38.519901275634766,-28.715900421142575,118.0,EU,PT,PT-20,Horta,yes,LPHR,HOR,,,https://en.wikipedia.org/wiki/Horta_Airport,
4451,LPLA,medium_airport,Lajes Airport,38.761799,-27.090799,180.0,EU,PT,PT-20,Praia da Vitória,yes,LPLA,TER,,http://aerogarelajes.azores.gov.pt,https://en.wikipedia.org/wiki/Lajes_Field,Terceira Island
4452,LPMA,medium_airport,Madeira Airport,32.697899,-16.7745,192.0,EU,PT,PT-30,Funchal,yes,LPMA,FNC,,http://www.ana.pt/en-US/Aeroportos/Madeira/Funchal/Pages/default.aspx,https://en.wikipedia.org/wiki/Madeira_Airport,LPFU
4453,LPMR,medium_airport,Monte Real Air Base,39.828335,-8.8875,187.0,EU,PT,PT-10,,no,LPMR,QLR,,,https://en.wikipedia.org/wiki/Monte_Real_Air_Base,
4456,LPPD,large_airport,João Paulo II Airport,37.7411994934,-25.6979007721,259.0,EU,PT,PT-20,Ponta Delgada,yes,LPPD,PDL,,http://www.ana.pt/en-US/Aeroportos/acores/PontaDelgada/Pages/Homepage-PontaDelgada.aspx,https://en.wikipedia.org/wiki/Jo%C3%A3o_Paulo_II_Airport,
4457,LPPI,medium_airport,Pico Airport,38.554298,-28.441299,109.0,EU,PT,PT-20,Pico Island,yes,LPPI,PIX,,,https://en.wikipedia.org/wiki/Pico_Airport,
4458,LPPM,medium_airport,Portimão Airport,37.1493,-8.58396,5.0,EU,PT,PT-08,Portimão,yes,LPPM,PRM,,,https://en.wikipedia.org/wiki/Portim%C3%A3o_Airport,
4459,LPPR,large_airport,Francisco de Sá Carneiro Airport,41.2481002808,-8.68138980865,228.0,EU,PT,PT-13,Porto,yes,LPPR,OPO,,http://www.ana.pt/en-US/Aeroportos/porto/Porto/Pages/Homepage-Porto.aspx,https://en.wikipedia.org/wiki/Francisco_S%C3%A1_Carneiro_Airport,
4460,LPPS,medium_airport,Porto Santo Airport,33.0733985901,-16.3500003815,341.0,EU,PT,PT-30,Vila Baleira,yes,LPPS,PXO,,http://www.anam.pt/Porto-Santo-411.aspx,https://en.wikipedia.org/wiki/Porto_Santo_Airport,
4461,LPPT,large_airport,Humberto Delgado Airport (Lisbon Portela Airport),38.7813,-9.13592,374.0,EU,PT,PT-11,Lisbon,yes,LPPT,LIS,,http://www.ana.pt/en-US/Aeroportos/lisboa/Lisboa/Pages/HomeLisboa.aspx,https://en.wikipedia.org/wiki/Lisbon_Portela_Airport,Lisboa
29491,LPSI,closed,Sines Airport,37.941692,-8.817301,,EU,PT,PT-15,,no,LPSI,SIE,,,,
4462,LPSJ,medium_airport,São Jorge Airport,38.665501,-28.1758,311.0,EU,PT,PT-20,Velas,yes,LPSJ,SJZ,,,https://en.wikipedia.org/wiki/S%C3%A3o_Jorge_Airport,
4465,LPVR,medium_airport,Vila Real Airport,41.2743,-7.72047,1805.0,EU,PT,PT-17,Vila Real,yes,LPVR,VRL,,,https://en.wikipedia.org/wiki/Vila_Real_Airport,
4466,LPVZ,medium_airport,Aerodromo Goncalves Lobato (Viseu Airport),40.725498,-7.88899,2060.0,EU,PT,PT-18,Viseu,yes,LPVZ,VSE,,,https://en.wikipedia.org/wiki/Viseu_Airport,
4467,LQBK,medium_airport,Banja Luka International Airport,44.94139862060547,17.297500610351562,400.0,EU,BA,BA-SRP,Banja Luka,yes,LQBK,BNX,,http://www.banjaluka-airport.com/,https://en.wikipedia.org/wiki/Banja_Luka_International_Airport,Mahovljani Airport
4468,LQMO,medium_airport,Mostar International Airport,43.282901763916016,17.84589958190918,156.0,EU,BA,BA-BIH,Mostar,yes,LQMO,OMO,,http://www.mostar-airport.ba/,https://en.wikipedia.org/wiki/Mostar_International_Airport,
4469,LQSA,large_airport,Sarajevo International Airport,43.82460021972656,18.331499099731445,1708.0,EU,BA,BA-BIH,Sarajevo,yes,LQSA,SJJ,,http://www.sarajevo-airport.ba/,https://en.wikipedia.org/wiki/Sarajevo_International_Airport,
4470,LQTZ,medium_airport,Tuzla International Airport,44.458698,18.7248,784.0,EU,BA,BA-BIH,Tuzla,yes,LQTZ,TZL,,http://www.tuzla-airport.ba/,https://en.wikipedia.org/wiki/Tuzla_International_Airport,
4471,LRAR,medium_airport,Arad International Airport,46.17660140991211,21.261999130249023,352.0,EU,RO,RO-AR,Arad,yes,LRAR,ARW,,,https://en.wikipedia.org/wiki/Arad_International_Airport,
4472,LRBC,medium_airport,Bacău Airport,46.52190017700195,26.91029930114746,607.0,EU,RO,RO-BC,Bacău,yes,LRBC,BCM,,http://www.bacauairport.ro/,https://en.wikipedia.org/wiki/Bac%C4%83u_International_Airport,"Bacau, RoAF 95th Air Base"
4473,LRBM,medium_airport,Maramureș International Airport,47.660598,23.467252,605.0,EU,RO,RO-MM,Baia Mare,yes,LRBM,BAY,,https://aimm.eu/,https://en.wikipedia.org/wiki/Maramureș_Airport,
4474,LRBS,medium_airport,Băneasa International Airport,44.503201,26.1021,297.0,EU,RO,RO-B,Bucharest,no,LRBS,BBU,,http://www.baneasa-airport.ro/,https://en.wikipedia.org/wiki/Aurel_Vlaicu_International_Airport,"BUH, Aurel Vlaicu International Airport"
4475,LRCK,medium_airport,Mihail Kogălniceanu International Airport,44.36220169067383,28.488300323486328,353.0,EU,RO,RO-CT,Constanţa,yes,LRCK,CND,,,https://en.wikipedia.org/wiki/Mihail_Kog%C4%83lniceanu_International_Airport,"Mihail Kogalniceanu, RoAF 57th Air Base"
4476,LRCL,medium_airport,Cluj-Napoca International Airport,46.785198,23.686199,1039.0,EU,RO,RO-CJ,Cluj-Napoca,yes,LRCL,CLJ,,http://www.airportcluj.ro/,https://en.wikipedia.org/wiki/Cluj-Napoca_International_Airport,Someşeni Airport
4477,LRCS,medium_airport,Caransebeş Airport,45.41999816894531,22.25329971313477,866.0,EU,RO,RO-CS,Caransebeş,no,LRCS,CSB,,,https://en.wikipedia.org/wiki/Caransebe%C5%9F_Airport,"Caransebes, Reşiţa"
4479,LRCV,medium_airport,Craiova Airport,44.3181,23.888599,626.0,EU,RO,RO-DJ,Craiova,yes,LRCV,CRA,,http://www.aeroportcraiova.ro/,https://en.wikipedia.org/wiki/Craiova_Airport,
4480,LRIA,medium_airport,Iaşi Airport,47.17850112915039,27.6205997467041,397.0,EU,RO,RO-IS,Iaşi,yes,LRIA,IAS,,http://www.aeroport.ro/,https://en.wikipedia.org/wiki/Ia%C5%9Fi_International_Airport,"Iasi, Jassy"
4481,LROD,medium_airport,Oradea International Airport,47.025299072265625,21.90250015258789,465.0,EU,RO,RO-BH,Oradea,yes,LROD,OMR,,,https://en.wikipedia.org/wiki/Oradea_International_Airport,
4482,LROP,large_airport,Henri Coandă International Airport,44.5711111,26.085,314.0,EU,RO,RO-B,Bucharest,yes,LROP,OTP,,http://www.bucharestairports.ro/en/,https://en.wikipedia.org/wiki/Henri_Coand%C4%83_International_Airport,"BUH, Otopeni Airport, RoAF 90th Airlift Base"
4483,LRSB,medium_airport,Sibiu International Airport,45.78559875488281,24.09129905700684,1496.0,EU,RO,RO-SB,Sibiu,yes,LRSB,SBZ,,http://www.sibiuairport.ro/,https://en.wikipedia.org/wiki/Sibiu_International_Airport,
4484,LRSM,medium_airport,Satu Mare Airport,47.70330047607422,22.88570022583008,405.0,EU,RO,RO-SM,Satu Mare,yes,LRSM,SUJ,,,https://en.wikipedia.org/wiki/Satu_Mare_International_Airport,
4485,LRSV,medium_airport,Suceava Stefan cel Mare Airport,47.6875,26.35409927368164,1375.0,EU,RO,RO-SV,Suceava,yes,LRSV,SCV,,http://www.aeroportsuceava.ro/index_en.html,https://en.wikipedia.org/wiki/Suceava_Airport,
4486,LRTC,medium_airport,Tulcea Danube Delta Airport,45.0625,28.7143,200.0,EU,RO,RO-TL,Tulcea,no,LRTC,TCE,,,https://en.wikipedia.org/wiki/Tulcea_Airport,"Cataloi Airport, Aeroportul Delta Dunării Tulcea"
4487,LRTM,medium_airport,Transilvania Târgu Mureş International Airport,46.46770095825195,24.412500381469727,963.0,EU,RO,RO-MS,Târgu Mureş,yes,LRTM,TGM,,,https://en.wikipedia.org/wiki/T%C3%A2rgu_Mure%C5%9F_International_Airport,"Vidrasau, Vidrasău"
4488,LRTR,medium_airport,Timişoara Traian Vuia Airport,45.80989837646485,21.337900161743164,348.0,EU,RO,RO-TM,Timişoara,yes,LRTR,TSR,,http://www.aerotim.ro/,https://en.wikipedia.org/wiki/Traian_Vuia_International_Airport,"RoAF 93rd Air Base, Giarmata Airport, Temesvár, Temeschburg, Temeswar, Temeschwar, Тимишоара, Темишвар, Temišvar, Banat"
4490,LSGG,large_airport,Geneva Cointrin International Airport,46.23809814453125,6.108950138092041,1411.0,EU,CH,CH-GE,Geneva,yes,LSGG,GVA,,http://www.gva.ch/,https://en.wikipedia.org/wiki/Geneva_Cointrin_International_Airport,
29497,LSGN,small_airport,Neuchatel Airport,46.9575004578,6.86471986771,1427.0,EU,CH,CH-NE,,no,LSGN,QNC,,http://www.neuchatel-airport.ch,,
4492,LSGS,medium_airport,Sion Airport,46.219166,7.326944,1582.0,EU,CH,CH-VS,Sion,no,LSGS,SIR,,http://www.sionairport.ch,https://en.wikipedia.org/wiki/Sion_Airport,LSMS
4495,LSME,medium_airport,Emmen Air Base,47.092444,8.305184,1400.0,EU,CH,CH-LU,,no,LSME,EML,,https://saf.hermannkeist.ch/emmen.html,https://en.wikipedia.org/wiki/Milit%C3%A4rflugplatz_Emmen,
29501,LSMI,closed,Interlaken Air Base,46.6766014,7.8790798,,EU,CH,CH-BE,,no,LSMI,ZIN,,,,
4502,LSZA,medium_airport,Lugano Airport,46.00429916379999,8.9105796814,915.0,EU,CH,CH-TI,Lugano,yes,LSZA,LUG,,,https://en.wikipedia.org/wiki/Lugano_Airport,
4503,LSZB,medium_airport,Bern Belp Airport,46.914100647,7.497149944309999,1674.0,EU,CH,CH-BE,Bern,yes,LSZB,BRN,,http://www.flughafenbern.ch/,https://en.wikipedia.org/wiki/Berne_Airport,
46492,LSZC,small_airport,Buochs Airport,46.974444,8.396944,1475.0,EU,CH,CH-NW,Buochs,no,LSZC,BXO,,http://www.airportbuochs.ch/,https://en.wikipedia.org/wiki/Buochs_Airport,LSMU
30614,LSZD,closed,Ascona Airport,46.157798767100005,8.78194046021,655.0,EU,CH,CH-TI,Ascona,no,LSZD,ACO,,,,
4504,LSZG,medium_airport,Grenchen Airport,47.181599,7.41719,1411.0,EU,CH,CH-SO,Grenchen,no,LSZG,ZHI,,http://www.airport-grenchen.ch/,https://en.wikipedia.org/wiki/Grenchen_Airport,
4505,LSZH,large_airport,Zürich Airport,47.458056,8.548056,1417.0,EU,CH,CH-ZH,Zurich,yes,LSZH,ZRH,,http://www.zurich-airport.com/,https://en.wikipedia.org/wiki/Zurich_Airport,
29523,LSZL,small_airport,Locarno Airport,46.1608009338,8.87860965729,650.0,EU,CH,CH-TI,Locarno,no,LSZL,ZJI,,,https://en.wikipedia.org/wiki/Locarno_Airport,
4506,LSZR,medium_airport,St Gallen Altenrhein Airport,47.4850006104,9.560770034789998,1306.0,EU,CH,CH-SG,Altenrhein,yes,LSZR,ACH,,,https://en.wikipedia.org/wiki/St._Gallen-Altenrhein_Airport,
4507,LSZS,medium_airport,Samedan Airport,46.53409957885742,9.884110450744627,5600.0,EU,CH,CH-GR,,no,LSZS,SMV,,,,
4544,LTBU,medium_airport,Tekirdağ Çorlu Airport,41.13819885253906,27.919099807739254,574.0,EU,TR,TR-59,Çorlu,yes,LTBU,TEQ,,,https://en.wikipedia.org/wiki/Tekirda%C4%9F_%C3%87orlu_Airport,
4570,LUBL,medium_airport,Bălți International Airport,47.843056,27.777222,758.0,EU,MD,MD-RS,Bălți,no,LUBL,BZY,,,https://en.wikipedia.org/wiki/Bălți_International_Airport,"Beltsy International Airport, Lyadoveny Airport, Leadoveny Airport, Lyadoveni Airport, Leadoveni Airport, Аэропорт Бельцы"
4571,LUKK,medium_airport,Chişinău International Airport,46.92770004272461,28.93099975585937,399.0,EU,MD,MD-C,Chişinău,yes,LUKK,KIV,,http://www.airport.md/,https://en.wikipedia.org/wiki/Chi%C5%9Fin%C4%83u_International_Airport,
309484,LUZ,medium_airport,Lublin Airport,51.240278,22.713611,633.0,EU,PL,PL-LU,Lublin,yes,EPLB,LUZ,,,https://en.wikipedia.org/wiki/Lublin_Airport,
4572,LWOH,medium_airport,Ohrid St. Paul the Apostle Airport,41.18,20.7423,2313.0,EU,MK,MK-003,Ohrid,yes,LWOH,OHD,,http://ohd.airports.com.mk/,https://en.wikipedia.org/wiki/Ohrid_Airport,
4573,LWSK,large_airport,Skopje International Airport,41.961601,21.621401,781.0,EU,MK,MK-004,Skopje,yes,LWSK,SKP,,http://skp.airports.com.mk/,https://en.wikipedia.org/wiki/Skopje_Airport,
4574,LXGB,medium_airport,Gibraltar Airport,36.1511993408,-5.3496599197400005,15.0,EU,GI,GI-U-A,Gibraltar,yes,LXGB,GIB,,,https://en.wikipedia.org/wiki/Gibraltar_Airport,
1649,LY88,small_airport,Ponikve Airport,43.898899,19.697701,2966.0,EU,RS,RS-16,Užice,no,LYUZ,UZC,,http://aerodromponikve.rs,https://en.wikipedia.org/wiki/U%C5%BEice-Ponikve_Airport,"Аеродром Ужице-Поникве, Lepa Glava"
4610,LYBE,large_airport,Belgrade Nikola Tesla Airport,44.8184013367,20.3090991974,335.0,EU,RS,RS-00,Belgrade,yes,LYBE,BEG,,http://www.beg.aero/,https://en.wikipedia.org/wiki/Belgrade_Nikola_Tesla_Airport,"Beograd, Surčin Airport"
42777,LYBR,small_airport,Berane Airport,42.8390007019043,19.86199951171875,2287.0,EU,ME,ME-03,Berane,no,LYBR,IVG,,,https://en.wikipedia.org/wiki/Berane_Airport,"Dolac Airport, Аеродром Беране, Aerodrom Berane"
4611,LYBT,medium_airport,Batajnica Air Base,44.935299,20.2575,265.0,EU,RS,RS-07,Batajnica,no,LYBT,BJY,,,https://en.wikipedia.org/wiki/Batajnica_Air_Base,
31872,LYKV,medium_airport,Morava Airport,43.818298,20.5872,686.0,EU,RS,RS-18,Kraljevo,yes,LYKV,KVO,,,https://en.wikipedia.org/wiki/Morava_Airport,Lađevci Airport
4612,LYNI,medium_airport,Nis Airport,43.337299,21.853701,648.0,EU,RS,RS-20,Nis,yes,LYNI,INI,,,https://en.wikipedia.org/wiki/Ni%C5%A1_Constantine_the_Great_Airport,
32190,LYNS,small_airport,Novi Sad / Cenej Airport,45.385799,19.839199,266.0,EU,RS,RS-06,Novi Sad,no,LYNS,QND,,,https://en.wikipedia.org/wiki/Novi_Sad_Airport,
4613,LYPG,large_airport,Podgorica Airport / Podgorica Golubovci Airbase,42.359402,19.2519,141.0,EU,ME,ME-16,Podgorica,yes,LYPG,TGD,,http://www.montenegroairports.com/?menu=2,https://en.wikipedia.org/wiki/Podgorica_Airport,"Podgorica Airbase, Golubovci Airbase, Аеродром Подгорица, Aerodrom Podgorica"
4615,LYTV,medium_airport,Tivat Airport,42.40470123291016,18.72330093383789,20.0,EU,ME,ME-19,Tivat,yes,LYTV,TIV,,http://www.montenegroairports.com/?menu=3,https://en.wikipedia.org/wiki/Tivat_Airport,"Аеродром Тиват, Aerodrom Tivat, Zračna luka Tivat"
4617,LZIB,large_airport,M. R. Štefánik Airport,48.17020034790039,17.21269989013672,436.0,EU,SK,SK-BL,Bratislava,yes,LZIB,BTS,,,https://en.wikipedia.org/wiki/M._R._%C5%A0tef%C3%A1nik_Airport,
4618,LZKZ,medium_airport,Košice Airport,48.66310119628906,21.241100311279297,755.0,EU,SK,SK-KI,Košice,yes,LZKZ,KSC,,,https://en.wikipedia.org/wiki/Ko%C5%A1ice_International_Airport,
31861,LZLU,small_airport,Lučenec Airport,48.33940124511719,19.73579978942871,,EU,SK,SK-BC,Lučenec,no,LZLU,LUE,,,,
4620,LZPP,medium_airport,Piešťany Airport,48.62519836425781,17.828399658203125,545.0,EU,SK,SK-TA,Piešťany,no,LZPP,PZY,,http://www.ba.psg.sk/prezenta/airport-piestany/,https://en.wikipedia.org/wiki/Pie%C5%A1%C5%A5any_Airport,
30288,LZPW,small_airport,Prešov Air Base,49.02970123291,21.315599441528,1060.0,EU,SK,SK-PV,Prešov,no,LZPW,POV,,,https://en.wikipedia.org/wiki/Pre%C5%A1ov_Air_Base,
4621,LZSL,medium_airport,Sliač Airport,48.63779830932617,19.13409996032715,1043.0,EU,SK,SK-BC,Sliač,yes,LZSL,SLD,,http://www.airportsliac.sk/home-engle.html,https://en.wikipedia.org/wiki/Slia%C4%8D_Airport,
4623,LZTT,medium_airport,Poprad-Tatry Airport,49.073600769,20.2411003113,2356.0,EU,SK,SK-KI,Poprad,yes,LZTT,TAT,,,https://en.wikipedia.org/wiki/Poprad-Tatry_Airport,
4624,LZZI,medium_airport,Žilina Airport,49.2314987183,18.6135005951,1020.0,EU,SK,SK-ZI,Žilina,yes,LZZI,ILZ,,,https://en.wikipedia.org/wiki/%C5%BDilina_Airport,
308134,RMU,medium_airport,Región de Murcia International Airport,37.803,-1.125,644.0,EU,ES,ES-MU,Corvera,yes,LEMI,RMU,,,https://en.wikipedia.org/wiki/Murcia-Corvera_Airport,
41838,RU-0025,small_airport,Nogliki Airport,51.782337,143.140783,109.0,EU,RU,RU-SAK,Nogliki,yes,UHSN,NGK,,,https://en.wikipedia.org/wiki/Nogliki_Airport,
42924,RU-0035,large_airport,Grozny North Airport,43.388302,45.698601,548.0,EU,RU,RU-CE,Grozny,yes,URMG,GRV,,,https://en.wikipedia.org/wiki/Grozny_Airport,"Grozny Severny, Grozny, Аэропорт Грозный Северный, Аэропорт Грозный"
44667,RU-0200,small_airport,Typliy Klyuch Airport,62.7890014648,136.854995728,925.0,EU,RU,RU-SA,Khandyga,no,UEMH,KDY,,,https://en.wikipedia.org/wiki/Teply_Klyuch_Airport,"Tyoply Klyuch Airport, Tepliy Klyuch Airport, Khandyga Airport, Аэропорт Тёплый Ключ, Аэропорт Теплый Ключ, Аэропорт Хандыга, УЕМХ"
42994,RU-VUS,small_airport,Velikiy Ustyug Airport,60.78829956054688,46.2599983215332,331.0,EU,RU,RU-VLG,Velikiy Ustyug,no,ULWU,VUS,,,https://en.wikipedia.org/wiki/Velikiy_Ustyug_Airport,Аэропорт Великий Устюг
316498,SE-0016,medium_airport,Scandinavian Mountains Airport,61.158393,12.842503,1608.0,EU,SE,SE-W,Sälen / Trysil,yes,ESKS,SCR,,https://scandinavianmountains.se/en/home/,https://en.wikipedia.org/wiki/Scandinavian_Mountains_Airport,Sälens Flygplats
342124,SE-0061,closed,(duplicate?) Scandinavian Mountains Airport,-1.0,-1.0,1649.0,EU,SE,SE-W,Sälen,no,ESKS,SCR,,https://scandinavianmountains.se/,,
45178,UA-0049,small_airport,Myrhorod Air Base,49.932,33.641,400.0,EU,UA,UA-53,Myrhorod,no,,MXR,,,https://en.wikipedia.org/wiki/Myrhorod_Air_Base,"Mirgorod Air Base, Аэродром Миргород"
45179,UA-0050,small_airport,Kakhnovka Airfield,49.1342,33.4766,266.0,EU,UA,UA-53,Kremenchuk,no,UKHK,KHU,,,https://en.wikipedia.org/wiki/Kremenchuk_Airport,Аэродром Кахновка
314969,UEBS,small_airport,Sakkyryr Airport,67.792,130.394,1686.0,EU,RU,RU-SA,Batagay-Alyta,yes,UEBS,SUK,,,https://en.wikipedia.org/wiki/Sakkyryr_Airport,"УЕБС, Саккырыр, Батагаы-Алыта"
44859,UEBT,small_airport,Ust-Kuyga Airport,70.011002,135.645004,327.0,EU,RU,RU-SA,Ust-Kuyga,yes,UEBT,UKG,,,https://en.wikipedia.org/wiki/Ust-Kuyga_Airport,"УЕБТ, Аэропорт Усть-Куйга"
327559,UECT,small_airport,Talakan Airport,59.876389,111.044444,1329.0,EU,RU,RU-SA,Talakan Oil Field,no,UECT,TLK,,,https://en.wikipedia.org/wiki/Talakan_Airport,
32509,UEMA,medium_airport,Moma Airport,66.450861,143.261551,656.0,EU,RU,RU-SA,Khonuu,yes,UEMA,MQJ,,,https://en.wikipedia.org/wiki/Moma_Airport,Аэропорт Мома
42979,UEMM,medium_airport,Magan Airport,62.103484,129.545288,577.0,EU,RU,RU-SA,Magan,no,UEMM,GYG,,,https://en.wikipedia.org/wiki/Magan_Airport,"УЕММ, Маган"
32510,UEMO,medium_airport,Olyokminsk Airport,60.397499,120.471001,656.0,EU,RU,RU-SA,Olyokminsk,yes,UEMO,OLZ,,,https://en.wikipedia.org/wiki/Olyokminsk_Airport,"Olekminsk Airport, Аэропорт Олёкминск, Аэропорт Олекминск"
44662,UEMT,medium_airport,Ust-Nera Airport,64.550003051758,143.11500549316,1805.0,EU,RU,RU-SA,Ust-Nera,yes,UEMT,USR,,,https://en.wikipedia.org/wiki/Ust-Nera_Airport,"УЕМТ, Аэропорт Усть-Нера"
44668,UEMU,small_airport,Ust-Maya Airport,60.356998443604,134.43499755859,561.0,EU,RU,RU-SA,Ust-Maya,yes,UEMU,UMS,,,https://en.wikipedia.org/wiki/Ust-Maya_Airport,"УЕМУ, Аэропорт Усть-Мая"
32511,UENN,small_airport,Nyurba Airport,63.294998,118.336998,394.0,EU,RU,RU-SA,Nyurba,no,UENN,NYR,,,https://en.wikipedia.org/wiki/Nyurba_Airport,
44597,UERO,small_airport,Olenyok Airport,68.514999,112.480003,847.0,EU,RU,RU-SA,Olenyok,no,UERO,ONK,,,https://en.wikipedia.org/wiki/Olenyok_Airport,"УЕРО, Olenek Airport, Аэропорт Оленёк, Аэропорт Оленек"
44870,UERS,medium_airport,Saskylakh Airport,71.92790222168,114.08000183105,,EU,RU,RU-SA,Saskylakh,yes,UERS,SYS,,,https://en.wikipedia.org/wiki/Saskylakh_Airport,"УЕРС, Аэропорт Саскылах"
43667,UESG,medium_airport,Belaya Gora Airport,68.556227,146.22784,118.0,EU,RU,RU-SA,Belaya Gora,no,UESG,BGN,,,https://en.wikipedia.org/wiki/Belaya_Gora_Airport,Аэропорт Белая Гора
316761,UESK,medium_airport,Srednekolymsk Airport,67.4805,153.7364,60.0,EU,RU,RU-SA,Srednekolymsk,yes,UESK,SEK,,,https://en.wikipedia.org/wiki/Srednekolymsk_Airport,"УЕСК, Среднеколымск"
31520,UHBI,small_airport,Magdagachi Airport,53.473301,125.794998,1211.0,EU,RU,RU-AMU,Magdagachi,no,UHBI,GDG,,,https://en.wikipedia.org/wiki/Magdagachi_Airport,
32490,UHBW,small_airport,Tynda Airport,55.284199,124.778999,2001.0,EU,RU,RU-AMU,Tynda,no,UHBW,TYD,,,https://en.wikipedia.org/wiki/Tynda_Airport,Sigikta Airport
6455,UHHH,large_airport,Khabarovsk Novy Airport,48.528338,135.188588,244.0,EU,RU,RU-KHA,Khabarovsk,yes,UHHH,KHV,,http://airkhv.ru/,https://en.wikipedia.org/wiki/Khabarovsk_Novy_Airport,Аэропорт Хабаровск-Новый
43866,UHKM,medium_airport,Sovetskaya Gavan (Maygatka) Airport,48.925067,140.035348,768.0,EU,RU,RU-KHA,Sovetskaya Gavan,no,UHKM,GVN,,,,"Sovietskaya Gavan Airport, May-Gatka Airport, Аэропорт Советская Гавань, Аэропорт Май-Гатка"
6456,UHMA,medium_airport,Ugolny Yuri Ryktheu Airport,64.734902,177.740997,194.0,EU,RU,RU-CHU,Anadyr,yes,UHMA,DYR,,,https://en.wikipedia.org/wiki/Ugolny_Airport,"Аnadyr Airport, Аэропорт Анадырь"
6457,UHMD,medium_airport,Provideniya Bay Airport,64.37809753417969,-173.2429962158203,72.0,EU,RU,RU-CHU,Chukotka,no,UHMD,PVS,,,https://en.wikipedia.org/wiki/Provideniya_Bay_Airport,"Bukhta Provideniya Airport, Urelik Airport, Ureliki Airport, Аэропорт Бухта Провидения, Аэропорт Урелики"
44473,UHMK,medium_airport,Keperveem Airport,67.845001,166.139999,623.0,EU,RU,RU-CHU,Keperveem,yes,UHMK,KPW,,,,"Keperveyem Airport, Аэропорт Кепервеем"
44660,UHMO,small_airport,Markovo Airport,64.665088,170.429782,,EU,RU,RU-CHU,Markovo,yes,UHMO,KVM,,,https://en.wikipedia.org/wiki/Markovo_Airport,Аэропорт Марково
6459,UHMP,medium_airport,Pevek Airport,69.783302,170.597,11.0,EU,RU,RU-CHU,Apapelgino,no,UHMP,PWE,,,https://en.wikipedia.org/wiki/Pevek_Airport,"УХМП, Аэропорт Певек"
42962,UHMW,medium_airport,Severo-Evensk Airport,61.921786,159.229059,,EU,RU,RU-MAG,Evensk,no,UHMW,SWV,,,https://en.wikipedia.org/wiki/Severo-Evensk_Airport,Аэропорт Северо-Эвенск
45189,UHNB,small_airport,Bogorodskoye Airport,52.381041,140.449378,,EU,RU,RU-KHA,Bogorodskoye,yes,UHNB,BQG,,,,"Bogorodskoe Airport, Аэропорт Богородское, УХНБ"
44611,UHNN,medium_airport,Nikolayevsk-na-Amure Airport,53.154999,140.649994,170.0,EU,RU,RU-KHA,Nikolayevsk-na-Amure Airport,yes,UHNN,NLI,,,https://en.wikipedia.org/wiki/Nikolayevsk-on-Amur_Airport,"Nikolaevsk-na-Amure Airport, Nikolayevsk-on-Amur Airport, Аэропорт Николаевск-на-Амуре"
34959,UHSB,small_airport,Burevestnik Airport,44.919998,147.621994,79.0,EU,RU,RU-SAK,Kurilsk,no,UHSB,BVV,,,https://en.wikipedia.org/wiki/Burevestnik_Airport,"Iturup Airport, Аэропорт Буревестник, Tennei Airfield"
35126,UHSH,small_airport,Okha Airport,53.517656,142.879772,115.0,EU,RU,RU-SAK,Okha,no,UHSH,OHH,,,https://en.wikipedia.org/wiki/Okha_Airport,"Novostroyka Airport, Аэропóрт Охá"
319423,UHSI,small_airport,Iturup Airport,45.256389,147.95549,387.0,EU,RU,RU-SAK,Kurilsk,yes,UHSI,ITU,,,https://en.wikipedia.org/wiki/Iturup_Airport,
35125,UHSK,small_airport,Shakhtyorsk Airport,49.1903,142.082993,50.0,EU,RU,RU-SAK,Shakhtyorsk,yes,UHSK,EKS,,,https://en.wikipedia.org/wiki/Shakhtyorsk_Airport,"Shakhtersk Airport, Аэропорт Шахтёрск, Аэропорт Шахтерск"
41837,UHSM,small_airport,Yuzhno-Kurilsk Mendeleyevo Airport,43.959275,145.684805,584.0,EU,RU,RU-SAK,Yuzhno-Kurilsk,no,UHSM,DEE,,,,"Mendeleevo Airport, Yuzhno-Kurilsk Airport, Island Kunashir Airport, Аэропорт Менделеево, Аэропорт Южно-Курильск, Аэропорт острова Кунашир"
326733,UHTG,small_airport,Amgu Airport,45.84126,137.673568,10.0,EU,RU,RU-PRI,Amgu,no,UHTG,AEM,,,,
330390,UHTQ,small_airport,Svetlaya Airport,46.541704,138.321703,131.0,EU,RU,RU-PRI,Svetlaya,no,UHTQ,ETL,,,,Све́тлая
330386,UHWE,small_airport,Yedinka Airport,47.178201,138.657357,98.0,EU,RU,RU-PRI,Yedinka,no,UHWE,EDN,,,,
313831,UHWK,small_airport,Kavalerovo Airport,44.2726,135.029,730.0,EU,RU,RU-PRI,Kavalerovo,no,UHWK,KVR,,,,"УХВК, Кавалерово"
331737,UHWT,small_airport,Terney Airport,45.0825,136.5912,33.0,EU,RU,RU-PRI,Terney,no,UHWT,NEI,,,,
6462,UHWW,large_airport,Vladivostok International Airport,43.396256,132.148155,59.0,EU,RU,RU-PRI,Artyom,yes,UHWW,VVO,,http://www.vladivostokavia.ru/en/airport/,https://en.wikipedia.org/wiki/Vladivostok_International_Airport,Vladivostok-Knevichi Airport
6463,UIAA,medium_airport,Chita-Kadala Airport,52.026299,113.306,2272.0,EU,RU,RU-CHI,Chita,yes,UIAA,HTA,,http://aerochita.ru/,https://en.wikipedia.org/wiki/Kadala_Airport,
332617,UIKP,small_airport,Preobrazheniye Airport,42.921698,133.904438,34.0,EU,RU,RU-PRI,Preobrazheniye,no,UIKP,RZH,,,,"УИКП, Преображенка"
6467,UKBB,large_airport,Boryspil International Airport,50.345001220703125,30.894699096679688,427.0,EU,UA,UA-32,Kiev,yes,UKBB,KBP,,http://www.airport-borispol.kiev.ua/,https://en.wikipedia.org/wiki/Boryspil_International_Airport,"Borispol, Міжнародний аеропорт ""Бориспіль"""
6468,UKCC,closed,Donetsk Sergei Prokofiev International Airport,48.075072,37.72527,791.0,EU,UA,UA-14,Donetsk,no,UKCC,DOK,,http://airport.dn.ua/,https://en.wikipedia.org/wiki/Donetsk_International_Airport,"Міжнародний аеропорт ""Донецьк"""
31774,UKCK,small_airport,Kramatorsk Airport,48.706799,37.630922,646.0,EU,UA,UA-14,Kramatorsk,no,UKCK,KRQ,,,,
6469,UKCM,medium_airport,Mariupol International Airport,47.07609939575195,37.44960021972656,251.0,EU,UA,UA-14,Mariupol,yes,UKCM,MPW,,http://www.maraero.com/,https://en.wikipedia.org/wiki/Mariupol_International_Airport,"Міжнародний аеропорт ""Маріуполь"""
44429,UKCS,small_airport,Sievierodonetsk Airport,48.900926,38.54279,236.0,EU,UA,UA-09,Sievierodonetsk,no,UKCS,SEV,,,,"Severodonetsk Airport, Аеропорт Северодонецьк, Аэропорт Северодонецк"
6470,UKCW,medium_airport,Luhansk International Airport,48.4174003601,39.3740997314,636.0,EU,UA,UA-09,Luhansk,yes,UKCW,VSG,,,https://en.wikipedia.org/wiki/Luhansk_International_Airport,"Lugansk International Airport, Міжнародний аеропорт Луганськ, Аэропорт Луганск"
31019,UKDB,closed,Berdyansk Airport,46.814999,36.758099,171.0,EU,UA,UA-23,Berdyansk,no,UKDB,ERD,,,https://en.wikipedia.org/wiki/Berdyansk_Airport,
6471,UKDD,medium_airport,Dnipropetrovsk International Airport,48.357200622558594,35.10060119628906,481.0,EU,UA,UA-12,Dnipropetrovsk,yes,UKDD,DNK,,,https://en.wikipedia.org/wiki/Dnipropetrovsk_International_Airport,"Міжнародний аеропорт ""Дніпропетровськ"""
6472,UKDE,medium_airport,Zaporizhzhia International Airport,47.867000579833984,35.31570053100586,373.0,EU,UA,UA-23,Zaporizhia,yes,UKDE,OZH,,,https://en.wikipedia.org/wiki/Zaporizhia_International_Airport,"Zaporozhye Airport, Міжнародний аеропорт Запоріжжя, Аэропорт Запорожье"
6473,UKDR,medium_airport,Kryvyi Rih International Airport,48.04330062866211,33.209999084472656,408.0,EU,UA,UA-12,Kryvyi Rih,yes,UKDR,KWG,,,https://en.wikipedia.org/wiki/Kryvyi_Rih_International_Airport,"Lozuvatka International Airport, Міжнародний аеропорт ""Кривий Ріг"""
44293,UKFB,medium_airport,Sevastopol International Airport / Belbek Air Base,44.691822,33.57462,344.0,EU,UA,UA-40,Sevastopol,no,UKFB,UKS,,,https://en.wikipedia.org/wiki/Sevastopol_International_Airport,"Аэропорт Бельбек, URFB"
6474,UKFF,large_airport,Simferopol International Airport,45.0522,33.975101,639.0,EU,UA,UA-43,Simferopol,yes,UKFF,SIP,URFF,https://new.sipaero.ru/,https://en.wikipedia.org/wiki/Simferopol_International_Airport,
31747,UKFK,small_airport,Kerch Airport,45.372501373291016,36.40140151977539,171.0,EU,UA,UA-43,Kerch,no,UKFK,KHC,,,,
6476,UKHH,large_airport,Kharkiv International Airport,49.924800872802734,36.290000915527344,508.0,EU,UA,UA-63,Kharkiv,yes,UKHH,HRK,,http://www.airport.kharkov.ua/,https://en.wikipedia.org/wiki/Kharkiv_International_Airport,"Osnova International Airport, Міжнародний аеропорт ""Харків"""
32532,UKHP,small_airport,Suprunovka Airport,49.56859970092773,34.39720153808594,505.0,EU,UA,UA-53,Poltava,no,UKHP,PLV,,,,
32541,UKHS,small_airport,Sumy Airport,50.85829925537109,34.76250076293945,594.0,EU,UA,UA-59,Sumy,no,UKHS,UMY,,,,
6477,UKKE,medium_airport,Cherkasy International Airport,49.41559982299805,31.99530029296875,375.0,EU,UA,UA-71,Cherkasy,no,UKKE,CKC,,,,
31744,UKKG,small_airport,Kirovograd Airport,48.54280090332031,32.28499984741211,568.0,EU,UA,UA-35,Kirovograd,no,UKKG,KGO,,,,
6478,UKKK,medium_airport,Kiev Zhuliany International Airport,50.40194,30.45194,587.0,EU,UA,UA-32,Kiev,yes,UKKK,IEV,,https://iev.aero/,https://en.wikipedia.org/wiki/Kyiv_International_Airport_(Zhuliany),"Міжнародний аеропорт ""Київ"""
6479,UKKM,medium_airport,Gostomel Airport,50.60350036621094,30.1919002532959,517.0,EU,UA,UA-32,Kiev,no,UKKM,GML,,http://www.antonov.com/products/airport/index.xml,https://en.wikipedia.org/wiki/Gostomel_Airport,"Antonov International Airport, Аеропорт „Антонов”, Hostomel Airport"
302309,UKKV,small_airport,Zhytomyr Airport,50.270556,28.738611,,EU,UA,UA-18,,no,UKKV,ZTR,,,https://en.wikipedia.org/wiki/Zhytomyr_Airport,
28146,UKLC,small_airport,Lutsk Airport,50.678404,25.487165,774.0,EU,UA,UA-07,Lutsk,no,UKLC,UCK,,,https://en.wikipedia.org/wiki/Lutsk_Airport,
6420,UKLH,medium_airport,Khmelnytskyi Airport,49.359699,26.933399,1150.0,EU,UA,UA-68,Khmelnytskyi,no,UKLH,HMJ,,,https://en.wikipedia.org/wiki/Khmelnytskyi_Ruzhichnaya_Airport,"Khmelnitskiy, Khmelnytskyi Ruzhichnaya"
6480,UKLI,medium_airport,Ivano-Frankivsk International Airport,48.88420104980469,24.68610000610352,919.0,EU,UA,UA-26,Ivano-Frankivsk,yes,UKLI,IFO,,http://www.aeroportifua.ifrastudio.com/index.php?area=2,https://en.wikipedia.org/wiki/Ivano-Frankivsk_International_Airport,Міжнародний аеропорт Івано-Франківськ
6481,UKLL,large_airport,Lviv International Airport,49.8125,23.9561,1071.0,EU,UA,UA-46,Lviv,yes,UKLL,LWO,,http://www.airport.lviv.ua/index.php?id=home&L=1,https://en.wikipedia.org/wiki/Lviv_International_Airport,"Міжнародний аеропорт ""Львів"""
6482,UKLN,medium_airport,Chernivtsi International Airport,48.2593002319336,25.98080062866211,826.0,EU,UA,UA-77,Chernivtsi,yes,UKLN,CWC,,,https://en.wikipedia.org/wiki/Chernivtsi_International_Airport,
6483,UKLR,medium_airport,Rivne International Airport,50.60710144042969,26.141599655151367,755.0,EU,UA,UA-19,Rivne,yes,UKLR,RWN,,http://www.aeroport.rv.ua/,https://en.wikipedia.org/wiki/Rivne_International_Airport,"Міжнародний аеропорт ""Рівне"""
6485,UKLU,medium_airport,Uzhhorod International Airport,48.6343002319336,22.263399124145508,383.0,EU,UA,UA-21,Uzhhorod,yes,UKLU,UDJ,,,https://en.wikipedia.org/wiki/Uzhhorod_International_Airport,"Міжнародний аеропорт ""Ужгород"""
32534,UKOH,medium_airport,Kherson International Airport,46.6758,32.506401,148.0,EU,UA,UA-65,Kherson,yes,UKOH,KHE,,http://airport.kherson.ua/,https://en.wikipedia.org/wiki/Kherson_International_Airport,
6486,UKON,medium_airport,Mykolaiv International Airport,47.057899475097656,31.9197998046875,184.0,EU,UA,UA-48,Nikolayev,no,UKON,NLV,,http://www.airport.nikolaev.ua/,https://en.wikipedia.org/wiki/Mykolaiv_Airport,"Nikolayev Airport, Nikolaev Airport, Аэропорт Николаев"
6487,UKOO,large_airport,Odessa International Airport,46.42679977416992,30.67650032043457,172.0,EU,UA,UA-51,Odessa,yes,UKOO,ODS,,http://www.airport.od.ua/,https://en.wikipedia.org/wiki/Odessa_International_Airport,"Odesa Central, Міжнародний аеропорт Одеса"
32535,UKRR,closed,Chernihiv Shestovytsia Airport,51.402199,31.1583,446.0,EU,UA,UA-74,Chernihiv,no,UKKL,CEJ,,,https://en.wikipedia.org/wiki/Chernihiv_Shestovytsia_Airport,
30535,UKWW,small_airport,Vinnytsia/Gavyryshivka Airport,49.242531,28.613778,961.0,EU,UA,UA-05,Vinnitsa,no,UKWW,VIN,,,,"Gavrishevka Airport, Gavrishivka Airport, Аэропорт Гавришевка , Аэропорт Гавришiвка"
6488,ULAA,medium_airport,Talagi Airport,64.60030364990234,40.71670150756836,62.0,EU,RU,RU-ARK,Archangelsk,yes,ULAA,ARH,,,https://en.wikipedia.org/wiki/Talagi_Airport,"Арха́нгельск, Archangel"
44768,ULAL,small_airport,Leshukonskoye Airport,64.8960037231,45.7229995728,220.0,EU,RU,RU-ARK,Leshukonskoye,yes,ULAL,LDG,,,https://en.wikipedia.org/wiki/Leshukonskoye_Airport,"Leshukonskoe Airport, Аэропорт Лешуконское"
32040,ULAM,medium_airport,Naryan Mar Airport,67.63999938964844,53.12189865112305,36.0,EU,RU,RU-NEN,Naryan Mar,yes,ULAM,NNM,,,https://en.wikipedia.org/wiki/Naryan-Mar_Airport,Нарья́н-Мар
42918,ULAS,small_airport,Solovki Airport,65.0299987793,35.7333335876,60.0,EU,RU,RU-ARK,Solovetsky Islands,yes,ULAS,CSH,,,https://en.wikipedia.org/wiki/Solovki_Airport,"Аэропорт Соловки, УЛАС"
30819,ULBC,medium_airport,Cherepovets Airport,59.273601532,38.0158004761,377.0,EU,RU,RU-VLG,Cherepovets,yes,ULWC,CEE,,,https://en.wikipedia.org/wiki/Cherepovets_Airport,"УЛВЦ, Череповец"
43672,ULDW,small_airport,Varandey Airport,68.848503,58.201401,39.0,EU,RU,RU-NEN,Varandey,no,ULDW,VRI,,,https://en.wikipedia.org/wiki/Varandey_Airport,"Varandei Airport, Аэропорт Варандей"
31780,ULKK,medium_airport,Kotlas Airport,61.235801696777344,46.6974983215332,184.0,EU,RU,RU-ARK,Kotlas,yes,ULKK,KSZ,,,https://en.wikipedia.org/wiki/Kotlas_Airport,Аэропорт Котлас
6489,ULLI,large_airport,Pulkovo Airport,59.80030059814453,30.262500762939453,78.0,EU,RU,RU-SPE,St. Petersburg,yes,ULLI,LED,,http://www.pulkovoairport.ru/,https://en.wikipedia.org/wiki/Pulkovo_Airport,"Аэропо́рт Пу́лково, Leningrad, Shosseynaya Airport, Saint Petersburg, Petrograd"
35001,ULMK,small_airport,Kirovsk-Apatity Airport,67.46330261230469,33.58829879760742,515.0,EU,RU,RU-MUR,Apatity,no,ULMK,KVK,,http://www.airkirovsk.ru/,https://en.wikipedia.org/wiki/Kirovsk-Apatity_Airport,"Kirovsk Airport, Apatity Airport, Аэропорт Кировск, Аэропорт Апатиты"
6490,ULMM,medium_airport,Murmansk Airport,68.78170013427734,32.75080108642578,266.0,EU,RU,RU-MUR,Murmansk,yes,ULMM,MMK,,http://www.airport-murmansk.ru/,https://en.wikipedia.org/wiki/Murmansk_Airport,
42972,ULNN,closed,Novgorod Airport,58.49330139160156,31.24169921875,85.0,EU,RU,RU-NGR,Velikiy Novgorod,no,ULNN,NVR,,,https://en.wikipedia.org/wiki/Novgorod_Airport,"Old Novgorod, Аэропорт Новгород"
32584,ULOL,medium_airport,Velikiye Luki Airport,56.38109970092773,30.60810089111328,328.0,EU,RU,RU-PSK,Velikiye Luki,no,ULOL,VLU,,,https://en.wikipedia.org/wiki/Velikiye_Luki_Airport,
6491,ULOO,medium_airport,Pskov Airport,57.78390121459961,28.39559936523437,154.0,EU,RU,RU-PSK,Pskov,yes,ULOO,PKV,,,https://en.wikipedia.org/wiki/Pskov_Airport,
6492,ULPB,medium_airport,Petrozavodsk Airport,61.88520050048828,34.15470123291016,151.0,EU,RU,RU-KR,Petrozavodsk,yes,ULPB,PES,,,https://en.wikipedia.org/wiki/Petrozavodsk_Airport,"Besovets Airport, Аэропорт Петрозаводск, Аэропорт Бесовец"
32571,ULWW,medium_airport,Vologda Airport,59.282501220703125,39.94440078735352,387.0,EU,RU,RU-VLG,Vologda,no,ULWW,VGD,,,https://en.wikipedia.org/wiki/Vologda_Airport,Аэропорт Вологда
6495,UMBB,medium_airport,Brest Airport,52.108299,23.8981,468.0,EU,BY,BY-BR,Brest,yes,UMBB,BQT,,,https://en.wikipedia.org/wiki/Brest_Airport,Аэропорт Брест
6496,UMGG,medium_airport,Gomel Airport,52.527000427246094,31.016700744628903,472.0,EU,BY,BY-HO,Gomel,yes,UMGG,GME,,http://www.gomelavia.com/,https://en.wikipedia.org/wiki/Gomel_Airport,
6497,UMII,medium_airport,Vitebsk Vostochny Airport,55.126499176025,30.349599838257,682.0,EU,BY,BY-VI,Vitebsk,no,UMII,VTB,,,https://en.wikipedia.org/wiki/Vitebsk_Vostochny_Airport,"УМІІ, УМИИ, Vitebsk Southeast, Vitebsk East Airport, Аэрапорт Віцебск, Аэропорт Витебск"
6498,UMKK,medium_airport,Khrabrovo Airport,54.88999938964844,20.59259986877441,42.0,EU,RU,RU-KGD,Kaliningrad,yes,UMKK,KGD,,,https://en.wikipedia.org/wiki/Khrabrovo_Airport,
6499,UMMG,medium_airport,Hrodna Airport,53.60200119018555,24.053800582885746,443.0,EU,BY,BY-HR,Hrodna,yes,UMMG,GNA,,,https://en.wikipedia.org/wiki/Hrodna_Airport,"Grodno Airport, Гро́дна"
6500,UMMM,closed,Minsk 1 Airport,53.864498,27.5397,748.0,EU,BY,BY-MI,Minsk,no,UMMM,MHP,,,https://en.wikipedia.org/wiki/Minsk-1,
6501,UMMS,large_airport,Minsk National Airport,53.888071,28.039964,670.0,EU,BY,BY-MI,Minsk,yes,UMMS,MSQ,,http://airport.by/en,https://en.wikipedia.org/wiki/Minsk_National_Airport,"Нацыянальны аэрапорт, Minsk 2 Airport"
6502,UMOO,medium_airport,Mogilev Airport,53.95489883422852,30.09510040283203,637.0,EU,BY,BY-MA,Mogilev,yes,UMOO,MVQ,,,https://en.wikipedia.org/wiki/Mogilev_Airport,
6503,UNAA,medium_airport,Abakan International Airport,53.740002,91.385002,831.0,EU,RU,RU-KK,Abakan,yes,UNAA,ABA,,,https://en.wikipedia.org/wiki/Abakan_International_Airport,
42955,UNIP,medium_airport,Podkamennaya Tunguska Airport,61.589699,89.994003,213.0,EU,RU,RU-KYA,Bor,no,UNIP,TGP,,,https://en.wikipedia.org/wiki/Podkamennaya_Tunguska_Airport,Аэропорт Подкаменная Тунгуска
6506,UNKL,large_airport,Krasnoyarsk International Airport,56.173077,92.492437,942.0,EU,RU,RU-KYA,Krasnoyarsk,yes,UNKL,KJA,,http://www.kja.aero,https://en.wikipedia.org/wiki/Krasnoyarsk_International_Airport,Yemelyanovo
30616,UNKS,medium_airport,Achinsk Airport,56.269185,90.57511,1033.0,EU,RU,RU-KYA,Achinsk,no,UNKS,ACS,,,https://en.wikipedia.org/wiki/Achinsk_Airport,
32045,UNWW,medium_airport,Spichenkovo Airport,53.811401,86.877197,1024.0,EU,RU,RU-KEM,Novokuznetsk,yes,UNWW,NOZ,,,https://en.wikipedia.org/wiki/Spichenkovo_Airport,
6511,URKA,medium_airport,Anapa Vityazevo Airport,45.002101898193,37.347301483154,174.0,EU,RU,RU-KDA,Anapa,yes,URKA,AAQ,,http://basel.aero/en/anapa/,https://en.wikipedia.org/wiki/Anapa_Airport,Vityazevo Airport
45191,URKE,medium_airport,Yeysk Airport,46.68,38.21,60.0,EU,RU,RU-KDA,Yeysk,yes,URKE,EIK,,,https://en.wikipedia.org/wiki/Yeysk_Airport,"Eysk Airport, Аэропорт Ейск, УРКЕ"
31522,URKG,medium_airport,Gelendzhik Airport,44.5820926295,38.0124807358,98.0,EU,RU,RU-KDA,Gelendzhik,yes,URKG,GDZ,,http://basel.aero/en/gelendjik/,https://en.wikipedia.org/wiki/Gelendzhik_Airport,Аэропорт Геленджик
6512,URKK,medium_airport,Krasnodar Pashkovsky International Airport,45.034698486328,39.170501708984,118.0,EU,RU,RU-KDA,Krasnodar,yes,URKK,KRR,,http://basel.aero/en/krasnodar/,https://en.wikipedia.org/wiki/Pashkovsky_Airport,"Pashkovskiy Airport, Pashkovsky Airport"
6513,URML,medium_airport,Uytash Airport,42.81679916381836,47.65230178833008,12.0,EU,RU,RU-DA,Makhachkala,yes,URML,MCX,,,https://en.wikipedia.org/wiki/Uytash_airport,
6514,URMM,medium_airport,Mineralnyye Vody Airport,44.22510147094727,43.08190155029297,1054.0,EU,RU,RU-STA,Mineralnyye Vody,yes,URMM,MRV,,,https://en.wikipedia.org/wiki/Mineralnye_Vody_Airport,
6515,URMN,medium_airport,Nalchik Airport,43.51290130615234,43.636600494384766,1461.0,EU,RU,RU-KB,Nalchik,yes,URMN,NAL,,,https://en.wikipedia.org/wiki/Nalchik_Airport,
6516,URMO,medium_airport,Beslan Airport,43.2051010132,44.6066017151,1673.0,EU,RU,RU-SE,Beslan,yes,URMO,OGZ,,,https://en.wikipedia.org/wiki/Beslan_Airport,"Vladikavkaz Airport, Аэропорт Беслан, Аэропорт Владикавказ"
43689,URMS,medium_airport,Magas Airport,43.3222999573,45.0125999451,1165.0,EU,RU,RU-IN,Magas,yes,URMS,IGT,,,https://en.wikipedia.org/wiki/Magas_Airport,"Sleptsovskaya Airport, Ingushetiya Airport, Ingushetia Airport, Аэропорт Магас, Аэропорт Слепцовская, Аэропорт Ингушетия, Nazran"
6517,URMT,medium_airport,Stavropol Shpakovskoye Airport,45.10919952392578,42.11280059814453,1486.0,EU,RU,RU-STA,Stavropol,yes,URMT,STW,,,https://en.wikipedia.org/wiki/Stavropol_Shpakovskoye_Airport,
326363,URRP,large_airport,Platov International Airport,47.493888,39.924722,213.0,EU,RU,RU-ROS,Rostov-on-Don,yes,URRP,ROV,,,https://en.wikipedia.org/wiki/Platov_International_Airport,"УРРП, Международный аэропорт Платов"
6518,URRR,closed,Rostov-on-Don Airport,47.258203,39.8181,280.0,EU,RU,RU-ROS,Rostov-on-Don,no,URRR,RVI,,http://rnd-airport.ru/,https://en.wikipedia.org/wiki/Rostov-on-Don_Airport,"ROV, Аэропорт Ростов-на-Дону, Rostov-na-Donu Airport"
44865,URRT,medium_airport,Taganrog Yuzhny Airport,47.1983333,38.8491667,117.0,EU,RU,RU-ROS,Taganrog,yes,URRT,TGK,,http://www.beriev.com/rus/airport.html,https://ru.wikipedia.org/wiki/Таганрог-Южный_(аэропорт),"Taganrog South Airport, Аэропорт Таганрог Южный"
43678,URRY,closed,Volgodonsk Airport,47.682098,42.0728,276.0,EU,RU,RU-ROS,,no,URRQ,VLK,,,,"Tsimlyansk Airport, Аэропорт Волгодонск, Аэропорт Цимлянск"
6519,URSS,large_airport,Sochi International Airport,43.449902,39.9566,89.0,EU,RU,RU-KDA,Sochi,yes,URSS,AER,,http://basel.aero/en/sochi/,https://en.wikipedia.org/wiki/Sochi_International_Airport,"Adler Airport, Black Sea, Международный Аэропорт Сочи"
6520,URWA,medium_airport,Astrakhan Airport,46.2832984924,48.0063018799,-65.0,EU,RU,RU-AST,Astrakhan,yes,URWA,ASF,,http://xn--80aaaa9dcahhdbllc1cxhc.xn--p1ai/,https://en.wikipedia.org/wiki/Narimanovo_Airport,"Astrahan Airport, Narimanovo Airport, Аэропорт Астрахань, Аэропорт Нариманово"
6521,URWI,medium_airport,Elista Airport,46.3739013671875,44.33089828491211,501.0,EU,RU,RU-KL,Elista,yes,URWI,ESL,,,https://en.wikipedia.org/wiki/Elista_Airport,
6522,URWW,medium_airport,Volgograd International Airport,48.782501220703125,44.34550094604492,482.0,EU,RU,RU-VGG,Volgograd,yes,URWW,VOG,,,https://en.wikipedia.org/wiki/Volgograd_International_Airport,"Gumrak Airport, Аэропорт Волгоград, Аэропорт Гумрак"
26370,USCC,medium_airport,Chelyabinsk Balandino Airport,55.305801,61.5033,769.0,EU,RU,RU-CHE,Chelyabinsk,yes,USCC,CEK,,http://cekport.ru/,https://en.wikipedia.org/wiki/Chelyabinsk_Airport,
26371,USCM,medium_airport,Magnitogorsk International Airport,53.39310073852539,58.75569915771485,1430.0,EU,RU,RU-BA,Magnitogorsk,yes,USCM,MQF,,,https://en.wikipedia.org/wiki/Magnitogorsk_International_Airport,
327554,USDA,medium_airport,Sabetta International Airport,71.219167,72.052222,46.0,EU,RU,RU-YAN,Sabetta,yes,USDA,SBT,,,https://en.wikipedia.org/wiki/Sabetta_International_Airport,
343470,USDB,medium_airport,Bovanenkovo,70.315278,68.333611,,EU,RU,RU-YAN,Bovanenkovo gas field,yes,USDB,BVJ,,https://avia.gazprom.com/about/airports/bovanenkovo/,https://en.wikipedia.org/wiki/Bovanenkovo_Airport,"HELIOPS,GAZPROM,LNG"
32551,USDK,small_airport,Mys Kamenny Airport,68.471742,73.590993,98.0,EU,RU,RU-YAN,Mys Kamennyi,no,USDK,YMK,,,,Аэропорт Мыс Каменный
45048,USDP,small_airport,Krasnoselkup Airport,65.717,82.455,101.0,EU,RU,RU-YAN,Krasnoselkup,no,USDP,KKQ,,,,Аэропорт Красноселькуп
44860,USDU,small_airport,Urengoy Airport,65.9599990845,78.43699646,56.0,EU,RU,RU-YAN,Urengoy,no,USDU,UEN,,,,Аэропорт Уренгой
42944,USHN,medium_airport,Nyagan Airport,62.110001,65.614998,361.0,EU,RU,RU-KHM,Nyagan,yes,USHN,NYA,,,https://en.wikipedia.org/wiki/Nyagan_Airport,"УСХН, Аэропорт Нягань"
43692,USHY,medium_airport,Beloyarskiy Airport,63.686901,66.698601,82.0,EU,RU,RU-KHM,,yes,USHQ,EYK,,,https://en.wikipedia.org/wiki/Beloyarsk_Airport,"Beloyarsky Airport, Аэропорт Белоярский, УСХЯ"
31670,USII,medium_airport,Izhevsk Airport,56.82809829711914,53.45750045776367,531.0,EU,RU,RU-UD,Izhevsk,yes,USII,IJK,,,https://en.wikipedia.org/wiki/Izhevsk_Airport,Аэропорт Ижевск
42945,USKK,medium_airport,Pobedilovo Airport,58.503883,49.347831,479.0,EU,RU,RU-KIR,Kirov,yes,USKK,KVX,,http://www.pobedilovo.com/,https://en.wikipedia.org/wiki/Pobedilovo_Airport,Аэропорт Победилово
26375,USPP,medium_airport,Perm International Airport,57.914501,56.021198,404.0,EU,RU,RU-PER,Perm,yes,USPP,PEE,,http://www.aviaperm.ru/,https://en.wikipedia.org/wiki/Perm_International_Airport,Bolshoye Savino
342469,USTJ,small_airport,Remezov Airport,58.058466,68.343392,167.0,EU,RU,RU-TYU,Tobolsk,no,USTJ,RMZ,,,,"Tobolsk New, Ремезова"
31761,UUBA,medium_airport,Kostroma Sokerkino Airport,57.7969017029,41.0194015503,446.0,EU,RU,RU-KOS,Kostroma,yes,UUBA,KMW,,http://www.kmtn.ru/~koao/,https://en.wikipedia.org/wiki/Kostroma_Airport,Аэропорт Кострома Сокеркино
30762,UUBB,closed,Bykovo Airport,55.617199,38.060001,427.0,EU,RU,RU-MOS,Moscow,no,UUBB,BKA,,,https://en.wikipedia.org/wiki/Bykovo_Airport,Аэропорт Быково
42934,UUBC,medium_airport,Grabtsevo Airport,54.5499992371,36.3666687012,656.0,EU,RU,RU-KLU,Kaluga,no,UUBC,KLF,,,https://en.wikipedia.org/wiki/Grabtsevo_Airport,Аэропорт Грабцево
31690,UUBI,medium_airport,Ivanovo South Airport,56.93939971923828,40.940799713134766,410.0,EU,RU,RU-IVA,Ivanovo,yes,UUBI,IWA,,,https://en.wikipedia.org/wiki/Ivanovo_Yuzhny_Airport,"Ivanovo Yuzhniy Airport, Ivanovo Yuzhny Airport, Аэропорт Иваново Южный"
32241,UUBK,medium_airport,Staroselye Airport,58.10419845581055,38.92940139770508,423.0,EU,RU,RU-YAR,Rybinsk,yes,UUBK,RYB,,,https://en.wikipedia.org/wiki/Staroselye_Airport,Аэропорт Староселье
26393,UUBP,medium_airport,Bryansk Airport,53.214199,34.176399,663.0,EU,RU,RU-BRY,Bryansk,yes,UUBP,BZK,,http://www.airport.bryansk.ru/,https://en.wikipedia.org/wiki/Bryansk_International_Airport,"Аэропорт Брянск, УУБП"
42967,UUBW,large_airport,Zhukovsky International Airport,55.553299,38.150002,377.0,EU,RU,RU-MOS,Moscow,yes,UUBW,ZIA,,http://zia.aero/,https://en.wikipedia.org/wiki/Zhukovsky_International_Airport,"Аэропорт Раменское, Zhukovsky Air Base, Gromov Flight Research Institute, Лётно-исследовательский институт имени М. М. Громова, ЛИИ"
26394,UUDD,large_airport,Domodedovo International Airport,55.40879821777344,37.90629959106445,588.0,EU,RU,RU-MOS,Moscow,yes,UUDD,DME,,http://www.domodedovo.ru/en/,https://en.wikipedia.org/wiki/Domodedovo_International_Airport,"MOW, Аэропорт Домоде́дово"
26395,UUDL,small_airport,Tunoshna Airport,57.56069946289063,40.15739822387695,287.0,EU,RU,RU-YAR,,no,UUDL,IAR,,,https://en.wikipedia.org/wiki/Tunoshna,
26396,UUEE,large_airport,Sheremetyevo International Airport,55.972599,37.4146,622.0,EU,RU,RU-MOS,Moscow,yes,UUEE,SVO,,http://www.svo.aero/en/,https://en.wikipedia.org/wiki/Sheremetyevo_International_Airport,"MOW, Международный аэропорт Шереметьево, svo, sheremetyevo, moscow"
26397,UUEM,medium_airport,Migalovo Air Base,56.82469940185547,35.7577018737793,469.0,EU,RU,RU-TVE,Tver,no,UUEM,KLD,,,https://en.wikipedia.org/wiki/Migalovo,
34931,UUMO,medium_airport,Ostafyevo International Airport,55.511667,37.507222,568.0,EU,RU,RU-MOS,Moscow,no,UUMO,OSF,,http://eng.gazpromavia.ru/page20.shtml,https://en.wikipedia.org/wiki/Ostafievo_International_Airport,"Ostafievo, Междунаро́дный аэропо́рт «Оста́фьево», Gazprom"
34969,UUMU,medium_airport,Chkalovskiy Air Base,55.8783,38.061699,499.0,EU,RU,RU-MOS,Moscow,no,UUMU,CKL,,,https://en.wikipedia.org/wiki/Chkalovsky_Airport,"Chkalovsky Airport, Аэродром Чкаловский"
26398,UUOB,medium_airport,Belgorod International Airport,50.643798828125,36.5900993347168,735.0,EU,RU,RU-BEL,Belgorod,yes,UUOB,EGO,,,https://en.wikipedia.org/wiki/Belgorod_Airport,
26399,UUOK,medium_airport,Kursk East Airport,51.7505989074707,36.29560089111328,686.0,EU,RU,RU-KRS,Kursk,yes,UUOK,URS,,,https://en.wikipedia.org/wiki/Kursk_Vostochny_Airport,Kursk Vostochny Airport
31846,UUOL,medium_airport,Lipetsk Airport,52.70280075073242,39.53779983520508,584.0,EU,RU,RU-LIP,Lipetsk,yes,UUOL,LPK,,,https://en.wikipedia.org/wiki/Lipetsk_Airport,
26400,UUOO,medium_airport,Voronezh International Airport,51.81420135498047,39.22959899902344,514.0,EU,RU,RU-VOR,Voronezh,yes,UUOO,VOZ,,,https://en.wikipedia.org/wiki/Voronezh_International_Airport,"Chertovitskoye Airport, Chertovitskoe Airport, Аэропорт Воронеж, Аэропорт Чертовицкое"
32091,UUOR,medium_airport,Oryol Yuzhny Airport,52.9347000122,36.0022010803,656.0,EU,RU,RU-ORL,Orel,no,UUOR,OEL,,,,"Oryol South Airport, Orel Yuzhny Airport, Orel South Airport, Аэропорт Орёл Южный, Аэропорт Орел Южный"
32427,UUOT,medium_airport,Donskoye Airport,52.806098937988,41.482799530029,413.0,EU,RU,RU-TAM,Tambov,no,UUOT,TBW,,,https://en.wikipedia.org/wiki/Tambov_Donskoye_Airport,
32242,UUWR,small_airport,Turlatovo Airport,54.55590057373047,39.855201721191406,502.0,EU,RU,RU-RYA,Ryazan,no,UUWR,RZN,,,https://en.wikipedia.org/wiki/Turlatovo_Airport,Аэропорт Турлатово
42330,UUWV,small_airport,Klokovo Airfield,54.239,37.6,499.0,EU,RU,RU-TUL,Tula,no,UUBT,TYA,,,https://en.wikipedia.org/wiki/Klokovo,Аэродром Клоково
26401,UUWW,large_airport,Vnukovo International Airport,55.5914993286,37.2615013123,685.0,EU,RU,RU-MOS,Moscow,yes,UUWW,VKO,,http://www.vnukovo.ru/eng,https://en.wikipedia.org/wiki/Vnukovo_International_Airport,"MOW, Международный аэропорт Внуково"
32506,UUYH,medium_airport,Ukhta Airport,63.56689834594727,53.8046989440918,482.0,EU,RU,RU-KO,Ukhta,yes,UUYH,UCT,,,https://en.wikipedia.org/wiki/Ukhta_Airport,
32154,UUYP,medium_airport,Pechora Airport,65.12110137939453,57.13079833984375,98.0,EU,RU,RU-KO,Pechora,yes,UUYP,PEX,,,https://en.wikipedia.org/wiki/Pechora_Airport,
32555,UUYS,medium_airport,Usinsk Airport,66.00469970703125,57.3671989440918,262.0,EU,RU,RU-KO,Usinsk,yes,UUYS,USK,,,https://en.wikipedia.org/wiki/Usinsk_Airport,
42949,UUYX,medium_airport,Ust-Tsylma Airport,65.43729400630001,52.20033645629999,262.0,EU,RU,RU-KO,Ust-Tsylma,no,UUYX,UTS,,,https://en.wikipedia.org/wiki/Ust-Tsylma_Airport,"Ust-Tsilma, Усть-Цильма"
26402,UUYY,medium_airport,Syktyvkar Airport,61.64699935913086,50.84510040283203,342.0,EU,RU,RU-KO,Syktyvkar,yes,UUYY,SCW,,,https://en.wikipedia.org/wiki/Syktyvkar_Airport,
26403,UWGG,medium_airport,Nizhny Novgorod Strigino International Airport,56.230098724365,43.784000396729,256.0,EU,RU,RU-NIZ,Nizhny Novgorod,yes,UWGG,GOJ,,http://www.airportnn.ru/en/,https://en.wikipedia.org/wiki/Nizhny_Novgorod_International_Airport,Strigino Airport
35174,UWKB,medium_airport,Bugulma Airport,54.63999938964844,52.801700592041016,991.0,EU,RU,RU-TA,Bugulma,yes,UWKB,UUA,,,https://en.wikipedia.org/wiki/Bugulma_Airport,Аэропорт Бугульма
26404,UWKD,large_airport,Kazan International Airport,55.606201171875,49.278701782227,411.0,EU,RU,RU-TA,Kazan,yes,UWKD,KZN,,http://www.kazan.aero/en/,https://en.wikipedia.org/wiki/Kazan_International_Airport,
26405,UWKE,medium_airport,Begishevo Airport,55.564701080322266,52.09249877929688,643.0,EU,RU,RU-TA,Nizhnekamsk,yes,UWKE,NBC,,,https://en.wikipedia.org/wiki/Begishevo_Airport,
31707,UWKJ,medium_airport,Yoshkar-Ola Airport,56.70059967041016,47.90470123291016,348.0,EU,RU,RU-ME,Yoshkar-Ola,yes,UWKJ,JOK,,,https://en.wikipedia.org/wiki/Yoshkar-Ola_Airport,Аэропорт Йошкар-Ола
26406,UWKS,medium_airport,Cheboksary Airport,56.09030151367188,47.3473014831543,558.0,EU,RU,RU-CU,Cheboksary,yes,UWKS,CSY,,,https://en.wikipedia.org/wiki/Cheboksary_Airport,
35104,UWLL,medium_airport,Ulyanovsk Baratayevka Airport,54.26829910279999,48.226699829100006,463.0,EU,RU,RU-ULY,Ulyanovsk,yes,UWLL,ULV,,,https://en.wikipedia.org/wiki/Ulyanovsk_Baratayevka_Airport,
26407,UWLW,medium_airport,Ulyanovsk East Airport,54.4010009765625,48.80270004272461,252.0,EU,RU,RU-ULY,Ulyanovsk,yes,UWLW,ULY,,,https://en.wikipedia.org/wiki/Ulyanovsk_Vostochny_Airport,Ulyanovsk Vostochny Airport
26408,UWOO,medium_airport,Orenburg Central Airport,51.79579925537109,55.45669937133789,387.0,EU,RU,RU-ORE,Orenburg,yes,UWOO,REN,,http://www.airoport.orenair.ru/,https://en.wikipedia.org/wiki/Orenburg_Tsentralny_Airport,"Orenburg Tsentralny Airport, Аэропорт Центральный"
26409,UWOR,medium_airport,Orsk Airport,51.0724983215332,58.59560012817383,909.0,EU,RU,RU-ORE,Orsk,yes,UWOR,OSW,,,https://en.wikipedia.org/wiki/Orsk_Airport,
32155,UWPP,medium_airport,Penza Airport,53.110599517822266,45.02109909057617,614.0,EU,RU,RU-PNZ,Penza,yes,UWPP,PEZ,,,https://en.wikipedia.org/wiki/Penza_Airport,Penza South
42965,UWPS,medium_airport,Saransk Airport,54.12512969970703,45.21225738525391,676.0,EU,RU,RU-MO,Saransk,yes,UWPS,SKX,,,https://en.wikipedia.org/wiki/Saransk_Airport,Аэропорт Саранск
30804,UWSB,medium_airport,Balakovo Airport,51.8582992554,47.7456016541,95.0,EU,RU,RU-SAR,Balakovo,yes,UWSB,BWO,,,https://en.wikipedia.org/wiki/Balakovo_Airport,"Malaya Bykovka Airport, Аэропорт Балаково, Аэропорт Малая Быковка"
339001,UWSG,large_airport,Gagarin International Airport,51.712778,46.171111,103.0,EU,RU,RU-SAR,Saratov,yes,UWSG,GSV,,http://gsv.aero/en/,https://en.wikipedia.org/wiki/Saratov_Gagarin_Airport,
26410,UWSS,closed,Saratov Central Airport,51.564999,46.0467,499.0,EU,RU,RU-SAR,Saratov,no,UWSS,RTW,,,https://en.wikipedia.org/wiki/Saratov_Tsentralny_Airport,"Saratov Tsentralny Airport, Аэропорт Центральный"
30690,UWUB,small_airport,Beloretsk Airport,53.938389,58.340113,1827.0,EU,RU,RU-BA,Beloretsk,no,UWUB,BCX,,,,
32019,UWUF,small_airport,Neftekamsk Airport,56.1068992615,54.3471984863,456.0,EU,RU,RU-BA,Neftekamsk,no,UWUF,NEF,,,https://en.wikipedia.org/wiki/Neftekamsk_Airport,"УВУФ, Нефтекамск"
32112,UWUK,small_airport,Oktyabrskiy Airport,54.4399986267,53.3883018494,377.0,EU,RU,RU-TA,Kzyl-Yar,no,UWUK,OKT,,,https://en.wikipedia.org/wiki/Oktyabrsky_Airport,"Oktyabrsky Airport, Аэропорт Октябрьский"
26411,UWUU,large_airport,Ufa International Airport,54.557498931885,55.874401092529,449.0,EU,RU,RU-BA,Ufa,yes,UWUU,UFA,,http://www.airportufa.ru/en/,https://en.wikipedia.org/wiki/Ufa_International_Airport,Международный аэропорт Уфа
26412,UWWW,large_airport,Kurumoch International Airport,53.504901885986,50.16429901123,477.0,EU,RU,RU-SAM,Samara,yes,UWWW,KUF,,http://airport.samara.ru/en/,https://en.wikipedia.org/wiki/Kurumoch_International_Airport,
333095,VIF,heliport,Vieste Heliport,41.866417,16.165116,14.0,EU,IT,IT-75,Vieste,no,,VIF,,,,
308946,WID,closed,RAF Wildenrath,51.1141,6.2151,285.0,EU,DE,DE-NW,British Armed Forces,no,,WID,,,https://en.wikipedia.org/wiki/RAF_Wildenrath,
30591,XMUC,closed,Flughafen München-Riem,48.137798309,11.69029999,,EU,DE,DE-BY,Munich,no,EDDM,MUC,,,https://en.wikipedia.org/wiki/Munich-Riem_airport,
44992,XUBS,medium_airport,Smolensk North Airport,54.824,32.025,820.0,EU,RU,RU-SMO,Smolensk,no,,LNX,XUBS,,https://en.wikipedia.org/wiki/Smolensk_North_Airport,"Smolensk Severny Airfield, Аэродром Смоленск Северный, ЬУБС"
42781,ZBK,closed,Žabljak Airport,43.116669,19.233334,4252.0,EU,ME,ME-21,Žabljak Airport,no,,ZBK,,,https://en.wikipedia.org/wiki/%C5%BDabljak_Airport,"Аеродром Жабљак, Aerodrom Žabljak"
